time,seconds_elapsed,rotationRateX,rotationRateY,rotationRateZ,gravityX,gravityY,gravityZ,accelerationX,accelerationY,accelerationZ,quaternionW,quaternionX,quaternionY,quaternionZ
1715269834566995000,0.070994873046875,0.007412008475512266,0.006368608213961124,-0.005772273056209087,0.0609661266207695,-0.2496764361858368,-0.9664081931114197,-0.0035930611193180084,-0.002673506736755371,0.002159595489501953,0.9915663954694227,0.12590000613774344,0.03074233290299233,0
1715269834576984800,0.08098486328125,0.005189334042370319,0.0028569642454385757,-0.004574116785079241,0.06119467690587044,-0.24964313209056854,-0.9664023518562317,-0.004492998123168945,0.004403784871101379,0.010332465171813965,0.9915649719348543,0.1258846277776709,0.030852605602858713,-0.000039528010865486074
1715269834586975000,0.09097509765625,-0.00004548206925392151,-0.002492793370038271,-0.00565116573125124,0.06135311722755432,-0.24945098161697388,-0.9664419293403625,-0.004956614226102829,0.007171839475631714,0.015117466449737549,0.9915749586896692,0.1257875588930215,0.030927772378562292,-0.00007435906758346267
1715269834596964900,0.10096484375,-0.0087213683873415,-0.0029889405705034733,-0.0036789618898183107,0.06140326336026192,-0.2491554319858551,-0.9665150046348572,-0.005342457443475723,0.00959235429763794,0.019661366939544678,0.9915933819721792,0.1256371967902999,0.0309484208307073,-0.00010651718253812392
1715269834606954800,0.110954833984375,-0.021752482280135155,-0.003626501187682152,0.0022007650695741177,0.06139495223760605,-0.24887505173683167,-0.9665877223014832,-0.003533601760864258,0.007328331470489502,0.02481532096862793,0.9916116768003522,0.12549353952821593,0.030943532160136726,-0.00010764052899969734
1715269834616945000,0.12094482421875,-0.00007557542994618416,-0.0031455345451831818,0.0059812553226947784,0.06139117851853371,-0.24868832528591156,-0.966636061668396,-0.001286786049604416,0.004639163613319397,0.021537184715270996,0.9916238121752764,0.1253973726036608,0.03094319034551175,-0.00009239199111210628
1715269834626935000,0.13093505859375,0.013056205585598946,-0.002236597705632448,0.009777325205504894,0.061385076493024826,-0.24866361916065216,-0.9666427969932556,0.00003157183527946472,0.0016847848892211914,0.015272557735443115,0.9916256359556717,0.12538339149917313,0.030945312670321506,-0.00005082700377634364
1715269834636930000,0.140929931640625,0.02821449190378189,-0.006624155677855015,0.007681150920689106,0.06129748374223709,-0.24889437854290009,-0.9665889739990234,0.0013551265001296997,0.004204347729682922,0.002996504306793213,0.9916121992816188,0.12549985631443336,0.03090799156820686,0
1715269834646920000,0.150919921875,0.015263273380696774,-0.003966320771723986,0.009290765039622784,0.061166077852249146,-0.24918799102306366,-0.9665216207504272,0.0038211271166801453,0.006115391850471497,-0.0046697258949279785,0.9915951875230167,0.1256487388684844,0.03084763939466098,0.000042434005322278257
1715269834656909000,0.160908935546875,0.013408808037638664,0.000275828642770648,0.0025524357333779335,0.06106015294790268,-0.24931442737579346,-0.96649569272995,0.006368458271026611,-0.000029534101486206055,-0.012126684188842773,0.9915886163642156,0.12571253926168866,0.030797668793333885,0.00006794118096198343
1715269834666899000,0.17089892578125,0.03052867203950882,-0.005311483517289162,0.004933567717671394,0.06096803769469261,-0.24946638941764832,-0.9664623141288757,0.006353769451379776,-0.003921151161193848,-0.015242338180541992,0.9915802111727354,0.12578948157097755,0.030754563677643548,0.00009220062475628898
1715269834676888800,0.180888916015625,0.04033869132399559,-0.0015292619355022907,0.006941324565559626,0.06087015941739082,-0.24975784122943878,-0.966393232345581,0.004513770341873169,0.0011463165283203125,-0.01584547758102417,0.9915627708752233,0.12593831391025698,0.03070719941490335,0.00010350533250474969
1715269834686879000,0.19087890625,0.037969011813402176,-0.0011870458256453276,0.0006525364005938172,0.06084407866001129,-0.25011202692985535,-0.9663032293319702,0.0035938099026679993,0.010793060064315796,-0.01097637414932251,0.9915400834703051,0.12611924828933002,0.030697023039743403,0.000121232880527955
1715269834696868900,0.200868896484375,0.0362846702337265,-0.0027330107986927032,-0.0002461472759023309,0.06083426624536514,-0.2504468262195587,-0.9662171602249146,0.004046127200126648,0.005955159664154053,-0.005264163017272949,0.9915183403603574,0.12629103114977278,0.030692041137108196,0.0001155197867537261
1715269834706858800,0.210858642578125,0.03759920597076416,-0.0016179452650249004,0.003199717029929161,0.06083742529153824,-0.25080087780952454,-0.9661251306533813,0.004134528338909149,-0.00035887956619262695,0.0019069910049438477,0.9914951403449614,0.12647206994114019,0.03069627328364455,0.0001304074773897379
1715269834716849000,0.220848876953125,0.023167695850133896,-0.006797793321311474,0.003907052334398031,0.060806892812252045,-0.2510307729244232,-0.9660673141479492,0.0002435445785522461,0.006081312894821167,0.006487905979156494,0.9914805970389049,0.126589823981852,0.030681460290461437,0.00013133499210304933
1715269834726838800,0.2308388671875,0.02059987559914589,-0.004784177523106337,-0.0021638895850628614,0.060806263238191605,-0.2510971128940582,-0.9660501480102539,-0.0012969598174095154,0.0058425068855285645,0.007813453674316406,0.9914762444199925,0.1266240245461466,0.030680528506275537,0.000125435221994874
1715269834736829000,0.240828857421875,0.018386894837021828,-0.004572988487780094,0.0005602579331025481,0.06085364520549774,-0.2511987090110779,-0.9660207033157349,-0.003282211720943451,-0.0013801157474517822,0.010210216045379639,0.9914687917836347,0.1266764596329775,0.03070361392301277,0.00011724145022873333
1715269834746817800,0.25081787109375,0.020667092874646187,-0.004677650984376669,-0.0049189296551048756,0.060895394533872604,-0.2513847351074219,-0.9659696817398071,-0.0038732774555683136,-0.0017739534378051758,0.008267104625701904,0.9914560070881573,0.1267724910005692,0.030722649324479965,0.00009826933762230317
1715269834756807700,0.2608076171875,0.020246900618076324,-0.0029194317758083344,-0.001950969803147018,0.060917049646377563,-0.25147512555122375,-0.9659448266029358,-0.005405552685260773,0.0049693286418914795,0.008288025856018066,0.9914496958879357,0.12681976812827103,0.030730131229971494,0.00006981320429727544
1715269834766798000,0.270798095703125,0.01840505748987198,-0.0032067871652543545,-0.0041819000616669655,0.06093631312251091,-0.25147807598114014,-0.9659428596496582,-0.005623176693916321,0.006513357162475586,0.010208606719970703,0.9914492135619513,0.12682198575441087,0.030737058619977397,0.00004790861622183673
1715269834776788000,0.2807880859375,0.017387785017490387,-0.001710889395326376,-0.00789201632142067,0.060972973704338074,-0.25152233242988586,-0.9659289717674255,-0.0062396712601184845,-0.00043088197708129883,0.0076618194580078125,0.991445692884944,0.12684612275285184,0.03075003367738934,0.0000039528217880557825
1715269834786777900,0.29077783203125,0.006672555115073919,-0.0029777553863823414,-0.002790731145069003,0.06102079525589943,-0.2516477108001709,-0.9658933281898499,-0.0040291957557201385,-0.001251518726348877,0.008450150489807129,0.9914367195722471,0.1269115053685668,0.03077030676232155,-0.000028252477992596337
1715269834796768000,0.30076806640625,-0.0015965071506798267,-0.005221202038228512,-0.006298314314335585,0.06098957359790802,-0.25160345435142517,-0.9659067988395691,-0.002212692052125931,0.0005505084991455078,0.007548093795776367,0.9914401455676165,0.12688954851829715,0.030751118910004375,-0.00005432160617668824
1715269834806758000,0.3107578125,-0.011538352817296982,-0.0024070399813354015,-0.0025861337780952454,0.06093515083193779,-0.25149089097976685,-0.9659395813941956,-0.00038825348019599915,-0.0034530162811279297,0.005215764045715332,0.991448376739683,0.12683233101923272,0.030720975924076802,-0.00007343923124930596
1715269834816747800,0.320747802734375,0.001583307282999158,0.00019540125504136086,-0.0008323090733028948,0.0608888640999794,-0.25148820877075195,-0.9659431576728821,0.0002988986670970917,-0.00637015700340271,0.0005959272384643555,0.9914492940959766,0.126831013699977,0.030696963030672222,-0.0000784550179289134
1715269834826738000,0.330738037109375,0.020449940115213394,-0.00020407303236424923,-0.003159911837428808,0.060842279344797134,-0.25165611505508423,-0.9659023880958557,0.0014441199600696564,-0.003348827362060547,-0.004144549369812012,0.9914389606895165,0.12691709794590125,0.030673391706825412,-0.00008149752660946419
1715269834836726800,0.340726806640625,0.05285177007317543,-0.0009718623477965593,0.004183421842753887,0.06075795739889145,-0.2520006000995636,-0.9658178687095642,0.0032679475843906403,-0.00048667192459106445,-0.007112979888916016,0.9914176818251872,0.12709355403176414,0.03063151050549157,-0.00008149219763425863
1715269834846717000,0.350717041015625,0.0439581423997879,0.004907066002488136,0.0001942729577422142,0.060698676854372025,-0.25242123007774353,-0.965711772441864,0.004273269325494766,0.005625486373901367,-0.007173359394073486,0.9913909390182327,0.12730885216574667,0.03060352761516726,-0.00007288314587999833
1715269834856706800,0.360706787109375,0.018469400703907013,0.008411519229412079,0.002784130396321416,0.06067806854844093,-0.2527543604373932,-0.9656259417533875,0.002920590341091156,0.005790740251541138,-0.004070103168487549,0.9913693177910481,0.12747948748103113,0.0305944260473824,-0.00006792703784030962
1715269834866697000,0.370697021484375,0.008430881425738335,0.005601618438959122,0.0026046335697174072,0.060698509216308594,-0.252897173166275,-0.9655872583389282,0.000596068799495697,-0.007829844951629639,0.0033985376358032227,0.991359581946753,0.12755225131059542,0.030607218650610297,-0.000050928507694281144
1715269834876686800,0.380686767578125,0.015055760741233826,0.0032620311249047518,-0.0017863198881968856,0.06071477383375168,-0.25301286578178406,-0.9655559062957764,-0.0011596940457820892,-0.0033043324947357178,0.0035045742988586426,0.9913515816731877,0.12761153385789256,0.03061606341372557,-0.000047830567605045005
1715269834886677000,0.390677001953125,0.03565238043665886,0.003054837230592966,-0.004190089181065559,0.060755304992198944,-0.25328487157821655,-0.9654820561408997,-0.0037026628851890564,0.00584825873374939,0.004086792469024658,0.9913329546750729,0.12775141516397875,0.030635895119717708,-0.00005698222698902189
1715269834896667000,0.4006669921875,0.06252868473529816,0.0009051336674019694,-0.009950506500899792,0.06079191714525223,-0.25381699204444885,-0.9653399586677551,-0.0055245570838451385,0.0057700276374816895,0.009636282920837402,0.9912971359859882,0.12802569566797117,0.030650140494793317,-0.00009812675894893541
1715269834906657000,0.410656982421875,0.04726956784725189,-0.0012315204367041588,-0.008250877261161804,0.06079255789518356,-0.25437700748443604,-0.9651925563812256,-0.004335012286901474,0.002393275499343872,0.019834280014038086,0.9912600016777562,0.12831433712170076,0.03064583799371099,-0.00014250539081911429
1715269834916647000,0.42064697265625,-0.012214209884405136,0.0042663090862333775,-0.0007445579394698143,0.06083028018474579,-0.25449296832084656,-0.9651595950126648,-0.006966732442378998,-0.00035941600799560547,0.021495044231414795,0.9912516892440303,0.12837468820845188,0.03066183351414342,-0.00016784054375801327
1715269834936626000,0.4406259765625,-0.016587546095252037,0.0060716662555933,-0.005266339052468538,0.061057064682245255,-0.2537660598754883,-0.9653366208076477,-0.010947175323963165,-0.012393087148666382,0.00800025463104248,0.9912963186855914,0.1280036402390885,0.030769261755799648,-0.00021152790424489032
1715269834946615800,0.45061572265625,-0.011543253436684608,0.0060801878571510315,-0.00917799025774002,0.061130475252866745,-0.25373193621635437,-0.9653409719467163,-0.0018500536680221558,0.000924229621887207,0.0023587942123413086,0.9912974269624958,0.1279871232571578,0.030802815863115753,-0.0002381907434428343
1715269834956606000,0.46060595703125,-0.026181532070040703,0.005053539760410786,-0.010906115174293518,0.06119736284017563,-0.25358515977859497,-0.9653753042221069,0.0003718733787536621,0.014388293027877808,0.0004857778549194336,0.9913061184897796,0.12791331252963817,0.0308307635209394,-0.0002811082682547261
1715269834966595800,0.470595947265625,-0.029003417119383812,0.008727369830012321,-0.008216056041419506,0.061228688806295395,-0.25323039293289185,-0.9654664397239685,0.0009509027004241943,-0.00012663006782531738,0.003613412380218506,0.9913290954041876,0.1277321568632764,0.030842844013545933,-0.00030482790923175296
1715269834976586000,0.4805859375,-0.004032446537166834,0.002036178018897772,-0.005874804686754942,0.0612320676445961,-0.25303006172180176,-0.9655187129974365,0.006761122494935989,-0.003973811864852905,0.005725681781768799,0.9913422562648867,0.1276300038536585,0.030841724631777666,-0.0003238170404408214
1715269836754783700,2.25878369140625,0.33584991097450256,-0.20864595472812653,-0.14315064251422882,0.030623242259025574,-0.4050307869911194,-0.9137900471687317,0.011063730344176292,0.06332534551620483,-0.06831133365631104,0.8619243475136784,0.17501404176895072,0.11169176816589703,0.46258136063661803
1715269836764774000,2.26877392578125,0.4457346200942993,-0.14936771988868713,-0.14909614622592926,0.029570069164037704,-0.40861067175865173,-0.9122296571731567,-0.0031418856233358383,0.02324986457824707,-0.07466304302215576,0.8620131448889766,0.17705983432010333,0.11195977563097981,0.46157144717285464
1715269836774764000,2.278763916015625,0.512273907661438,-0.09455747902393341,-0.1358640193939209,0.029048332944512367,-0.41293007135391235,-0.9102993607521057,-0.02122061513364315,-0.0034518539905548096,-0.04889857769012451,0.8619879706742587,0.179323636052125,0.11266471623945606,0.46057210150325156
1715269836784754000,2.28875390625,0.5963003635406494,-0.06066847965121269,-0.11738382279872894,0.028888840228319168,-0.41791731119155884,-0.9080256223678589,-0.04466646909713745,0.011987656354904175,-0.021646559238433838,0.8618209773712437,0.18180632526233814,0.11372615438840177,0.459649381626075
1715269836794744000,2.298744140625,0.6672177910804749,-0.033433932811021805,-0.09582234174013138,0.028918057680130005,-0.4236108064651489,-0.9053825736045837,-0.05545313283801079,0.038570404052734375,-0.020551204681396484,0.8615151259082608,0.18457182606453165,0.11507364393468526,0.4587843001849922
1715269836804734000,2.30873388671875,0.7246853709220886,-0.019731968641281128,-0.07573731243610382,0.029034726321697235,-0.42986446619033813,-0.9024264812469482,-0.05807224661111832,0.04570913314819336,-0.03127402067184448,0.8610800606038002,0.18757628971179988,0.11662718670180108,0.4579895559856643
1715269836814724000,2.31872412109375,0.684558093547821,-0.00486593646928668,-0.0659947320818901,0.029203645884990692,-0.43624061346054077,-0.8993560671806335,-0.060774121433496475,0.04891142249107361,-0.045529186725616455,0.8605762419826266,0.19062492835602687,0.11825444485792481,0.45725993549636823
1715269836824714000,2.3287138671875,0.5542634725570679,0.01673043519258499,-0.0550193153321743,0.02951943315565586,-0.4418133795261383,-0.8966211676597595,-0.0794920027256012,0.03745537996292114,-0.0800023078918457,0.8601163471630406,0.19325496054055102,0.11975778881175271,0.45662949710988066
1715269836834704000,2.338703857421875,0.35941651463508606,0.06494110822677612,-0.04628021642565727,0.030074715614318848,-0.4458911120891571,-0.8945818543434143,-0.11016814410686493,0.0030351579189300537,-0.08118712902069092,0.8597602597833757,0.19510361606883167,0.12101096913107404,0.4561835735305169
1715269836844693000,2.34869287109375,0.2026418000459671,0.10988062620162964,-0.043764326721429825,0.031078333035111427,-0.4483414888381958,-0.8933219313621521,-0.14358142018318176,-0.04128262400627136,-0.07013320922851562,0.8595391968478661,0.19605653576060916,0.12206912570960397,0.4559094699754079
1715269836854683000,2.358682861328125,0.14767484366893768,0.1245168149471283,-0.0384383425116539,0.032324839383363724,-0.4498245120048523,-0.8925318121910095,-0.1661292016506195,-0.07211774587631226,-0.0549015998840332,0.8593999875434197,0.1964815004703421,0.12300047874732417,0.455738531778179
1715269836864673000,2.368673095703125,0.2267502248287201,0.11990316212177277,-0.04227089509367943,0.03358625993132591,-0.45140066742897034,-0.8916890621185303,-0.1658952534198761,-0.07035845518112183,-0.04094332456588745,0.8592362167263938,0.19694482558358778,0.1239685245029243,0.45558503563047975
1715269836874663000,2.378662841796875,0.4403197467327118,0.10403178632259369,-0.03754744678735733,0.03474458307027817,-0.454301655292511,-0.890170156955719,-0.16223180294036865,-0.03245380520820618,-0.031674325466156006,0.8589330557458641,0.19807455309934616,0.12522541374057958,0.45532328652752097
1715269836884652800,2.38865283203125,0.7042270302772522,0.08794043958187103,-0.028721731156110764,0.03572980687022209,-0.4593546390533447,-0.8875340819358826,-0.16611620783805847,0.009037137031555176,-0.033211708068847656,0.8583793479067614,0.200285790551231,0.12695890228107418,0.45491992170868345
1715269836894643000,2.398642822265625,0.9960649013519287,0.09233251214027405,-0.010453177616000175,0.036570414900779724,-0.4668070375919342,-0.8836027383804321,-0.1690014898777008,0.03582242131233215,-0.030093491077423096,0.8575154805115843,0.20369318006371417,0.12925831808215493,0.45438832146988134
1715269836904633000,2.408633056640625,1.4083638191223145,0.12391415238380432,-0.023134618997573853,0.03756321221590042,-0.47728779911994934,-0.8779438734054565,-0.1674002856016159,0.05847969651222229,-0.024415135383605957,0.8562548798788484,0.208546873612828,0.13242460699103287,0.45365153647334366
1715269836914623000,2.418623046875,1.9513230323791504,0.07178810238838196,-0.015105187892913818,0.038540441542863846,-0.49190470576286316,-0.8697956204414368,-0.16213667392730713,0.0711435079574585,-0.015778660774230957,0.8544558401477853,0.21546162956369552,0.1366692009627589,0.45255192928665083
1715269836924612000,2.428612060546875,2.4542946815490723,0.023628022521734238,0.003139063250273466,0.03893458470702171,-0.5109521746635437,-0.858726978302002,-0.1527651846408844,0.10079580545425415,-0.02616065740585327,0.8520159177896783,0.22476591924995137,0.14183368166360985,0.4510348480419375
1715269836934602000,2.43860205078125,2.9017443656921387,0.010907700285315514,-0.0019042313797399402,0.03908030688762665,-0.5338022112846375,-0.8447058796882629,-0.13968154788017273,0.1482887864112854,-0.02780693769454956,0.8489035174317957,0.2361322033756265,0.14794815777392203,0.4491278899982336
1715269836944592000,2.448591796875,3.1875274181365967,-0.010004505515098572,0.014501374214887619,0.03903451934456825,-0.5593040585517883,-0.8280430436134338,-0.14320631325244904,0.15747898817062378,-0.012807726860046387,0.8451916002921733,0.2490513740164185,0.15476401186227007,0.44684750080575025
1715269836954582000,2.45858203125,3.3014509677886963,-0.04809116944670677,0.050303515046834946,0.03859904780983925,-0.5859555602073669,-0.8094233870506287,-0.15332992374897003,0.1363247036933899,-0.0029850006103515625,0.8409829092577631,0.2628608107744531,0.16184093980600908,0.4443642258555049
1715269836964572000,2.468572021484375,3.2262392044067383,-0.09412151575088501,0.08161216974258423,0.037623219192028046,-0.6121299266815186,-0.7898616790771484,-0.14512142539024353,0.11325907707214355,0.026113569736480713,0.8364780072762631,0.27678632119451374,0.16869648671276294,0.44185453272794656
1715269836974562000,2.47856201171875,3.0072243213653564,-0.1525488644838333,0.09825552254915237,0.03609183430671692,-0.6364910006523132,-0.7704392671585083,-0.124150350689888,0.09640610218048096,0.048362910747528076,0.8319665938838527,0.2901434192784927,0.1749204733573756,0.4393760638088186
1715269836984552000,2.488552001953125,2.716775894165039,-0.2174208015203476,0.12573295831680298,0.03394782170653343,-0.6583271622657776,-0.7519660592079163,-0.09214487671852112,0.09147828817367554,0.07484209537506104,0.827639248891783,0.3025293074745492,0.18025814049418515,0.4370313844437397
1715269836994541800,2.498541748046875,2.355759620666504,-0.3018518090248108,0.1373234987258911,0.031126154586672783,-0.677237868309021,-0.7351055145263672,-0.05593698471784592,0.08219075202941895,0.08769047260284424,0.823678243515381,0.31369290340180656,0.18451014274692762,0.4348645171319215
1715269837004532000,2.508531982421875,1.9001044034957886,-0.3812752664089203,0.14899826049804688,0.027655107900500298,-0.6928039193153381,-0.7205955982208252,-0.02196362055838108,0.051949918270111084,0.07717835903167725,0.8202886308894055,0.32333362129247534,0.18750348193536334,0.4329256561834143
1715269837014520800,2.518520751953125,1.4781666994094849,-0.4158633351325989,0.16034825146198273,0.02370259165763855,-0.7048115730285645,-0.7089985013008118,0.008432375267148018,0.019157826900482178,0.06680196523666382,0.8175983737925906,0.33120534607163665,0.1892188121674303,0.4313145880283954
1715269837024511000,2.528510986328125,1.1322201490402222,-0.4592880308628082,0.16690096259117126,0.019481875002384186,-0.7140195965766907,-0.6998546719551086,0.03079579398036003,-0.006576836109161377,0.07151305675506592,0.81547801055812,0.33761089911184,0.1899777609564226,0.4300268435247687
1715269837034500900,2.5385009765625,0.8527109622955322,-0.4870333969593048,0.1756356656551361,0.01492626778781414,-0.7208922505378723,-0.692886471748352,0.04493391886353493,-0.01757228374481201,0.0749819278717041,0.8138900168131221,0.3428013414635476,0.18985255077186164,0.42898304098137474
1715269837044491000,2.548490966796875,0.6903401613235474,-0.4938529431819916,0.18913522362709045,0.010252779349684715,-0.726192057132721,-0.6874154806137085,0.05099595710635185,0.0018725395202636719,0.07599586248397827,0.8126472954628612,0.3471274597362431,0.18919514009435967,0.4281497325144267
1715269837054481200,2.558481201171875,0.584952175617218,-0.5349641442298889,0.21283723413944244,0.005272745620459318,-0.7305419445037842,-0.6828474998474121,0.06227786839008331,-0.003817915916442871,0.09355318546295166,0.8115980361541282,0.35098391932435635,0.18811309087838504,0.4274721263216444
1715269837064471000,2.568470947265625,0.5335018038749695,-0.5963752865791321,0.23163782060146332,-0.00020072373445145786,-0.7343412637710571,-0.6787805557250977,0.09129565209150314,-0.017245769500732422,0.10143381357192993,0.8106659386236069,0.3546568153997923,0.1866233513060445,0.42686210881218234
1715269837074461000,2.5784609375,0.5018481016159058,-0.6492893695831299,0.22053763270378113,-0.006093256175518036,-0.7377981543540955,-0.6749939918518066,0.13177984952926636,-0.012888610363006592,0.10108047723770142,0.8098389817301326,0.3582667076173312,0.18479169708944135,0.4262136130171733
1715269837084451000,2.588451171875,0.48175641894340515,-0.7067680954933167,0.1919427365064621,-0.012187083251774311,-0.7410919070243835,-0.6712930798530579,0.15171340107917786,0.008273184299468994,0.08990275859832764,0.8091436175343536,0.36189558932863075,0.18271577256620095,0.4253625837401322
1715269837094441000,2.59844091796875,0.40735143423080444,-0.7276478409767151,0.17103266716003418,-0.018356220796704292,-0.7440778613090515,-0.6678406596183777,0.14778122305870056,0.012998700141906738,0.07624226808547974,0.8085901121754934,0.3654090803535925,0.18043245976225353,0.42438467320267015
1715269837104430000,2.60843017578125,0.21736417710781097,-0.7408578991889954,0.1342698633670807,-0.024395199492573738,-0.7461537718772888,-0.6653265953063965,0.1442529410123825,-0.0026409029960632324,0.06054455041885376,0.8083418692357668,0.36838157623341583,0.17785308619226695,0.4233753954545435
1715269837114420000,2.618419921875,-0.011221596971154213,-0.7337669730186462,0.10246770828962326,-0.030169986188411713,-0.746818482875824,-0.6643432378768921,0.14343592524528503,-0.029152095317840576,0.05415964126586914,0.8085512210382291,0.3704672074966084,0.17487833385025692,0.4223938852259957
1715269837124409900,2.628409912109375,-0.24822910130023956,-0.6889148354530334,0.05470152571797371,-0.03553926944732666,-0.7459126114845276,-0.6650950312614441,0.15063627064228058,-0.07737547159194946,0.05250048637390137,0.8092472093697566,0.3715148857797405,0.17154931356582018,0.42150515271331235
1715269837134400000,2.63839990234375,-0.4194932281970978,-0.6300861239433289,-0.009828734211623669,-0.04009312763810158,-0.7436711192131042,-0.6673423647880554,0.1508566290140152,-0.1199154257774353,0.036803483963012695,0.810378660706585,0.3715618700478431,0.16813858182637403,0.420663407175743
1715269837144390000,2.648389892578125,-0.544442892074585,-0.5881133675575256,-0.05504734441637993,-0.04391524940729141,-0.740415096282959,-0.6707137823104858,0.13945047557353973,-0.13252508640289307,0.01217508316040039,0.8118634424813387,0.37083053114277376,0.16470527986424666,0.4198031353863842
1715269837154379800,2.6583798828125,-0.534723699092865,-0.5100910067558289,-0.10960087180137634,-0.04702936112880707,-0.7367655634880066,-0.6745107769966125,0.126359760761261,-0.09772241115570068,-0.0157662034034729,0.8134974509229503,0.36969449669308985,0.16146385398627172,0.4189002401711467
1715269837164369700,2.66836962890625,-0.4548887610435486,-0.43667301535606384,-0.17282110452651978,-0.04917807877063751,-0.7334809303283691,-0.6779287457466125,0.11782732605934143,-0.06784975528717041,-0.053547024726867676,0.8150905071084842,0.36855075727894454,0.15876390969827575,0.4178420268300125
1715269837174359600,2.678359619140625,-0.4045054018497467,-0.3872588574886322,-0.2101222276687622,-0.05056815221905708,-0.7306673526763916,-0.6808583736419678,0.1087040901184082,-0.06881695985794067,-0.09370815753936768,0.8166058311838615,0.36751197900651283,0.15654315590418752,0.41663439294568005
1715269837184348700,2.6883486328125,-0.362345427274704,-0.31031668186187744,-0.23022934794425964,-0.05136619508266449,-0.7281408905982971,-0.6835001111030579,0.10339862108230591,-0.05791574716567993,-0.10406690835952759,0.8180459768602877,0.3664922979732116,0.1547040502865761,0.41539242399269005
1715269837194338600,2.698338623046875,-0.31238093972206116,-0.2353164553642273,-0.25654318928718567,-0.05145613104104996,-0.7259800434112549,-0.6857881546020508,0.09633217751979828,-0.05269140005111694,-0.09436309337615967,0.8193728882748832,0.36550194313713097,0.1533435403131246,0.414152669954636
1715269837204328700,2.70832861328125,-0.31142833828926086,-0.1965717226266861,-0.2698938548564911,-0.051008619368076324,-0.7239696979522705,-0.6879433393478394,0.08892667293548584,-0.06292611360549927,-0.0855398178100586,0.820653269470618,0.36446150585306236,0.15230280562346526,0.4129163245037447
1715269837214318800,2.71831884765625,-0.3002072870731354,-0.15853779017925262,-0.28626540303230286,-0.05021601542830467,-0.7219843864440918,-0.6900848150253296,0.09458852559328079,-0.06504881381988525,-0.06630849838256836,0.8219225667647373,0.3633476590914854,0.15144661962886194,0.4116867080682114
1715269837224308700,2.728308837890625,-0.28988248109817505,-0.1183813065290451,-0.30019718408584595,-0.04906780272722244,-0.7200873494148254,-0.6921464800834656,0.10599830001592636,-0.07297307252883911,-0.05538153648376465,0.8231683906094809,0.362198393531272,0.15079488142112546,0.4104476553338992
1715269837234298600,2.738298583984375,-0.2726534307003021,-0.07632520794868469,-0.31130287051200867,-0.04754101485013962,-0.718284547328949,-0.6941233277320862,0.10537178069353104,-0.0792161226272583,-0.05197030305862427,0.82437670435023,0.36100791950453676,0.15037156863991497,0.4092246138827853
1715269837244288800,2.748288818359375,-0.2553761601448059,-0.05655922368168831,-0.3113068640232086,-0.04576414078474045,-0.7165840268135071,-0.695997953414917,0.09715569764375687,-0.06953370571136475,-0.05004990100860596,0.8255380919375822,0.35981190179292266,0.1501213642725315,0.4080270127010583
1715269837254278700,2.758278564453125,-0.20886483788490295,-0.03201073780655861,-0.3039257228374481,-0.04387529194355011,-0.7150890827178955,-0.6976551413536072,0.09203198552131653,-0.05219924449920654,-0.04885053634643555,0.8266169417635787,0.35870391013795305,0.15001311590567637,0.4068565300786124
1715269837264268500,2.7682685546875,-0.17715884745121002,-0.02299380674958229,-0.3060448169708252,-0.04188031703233719,-0.7138819098472595,-0.6990127563476562,0.08614601194858551,-0.031372785568237305,-0.054496705532073975,0.8275976469893188,0.3577356485460919,0.15006272699823642,0.4056954335981187
1715269837274257700,2.778257568359375,-0.1543157547712326,-0.017423806712031364,-0.29913032054901123,-0.0398811474442482,-0.7128477096557617,-0.7001841068267822,0.07993542402982712,-0.016446232795715332,-0.055095374584198,0.8285155080700118,0.3568665476341381,0.15018062543219735,0.4045421218500046
1715269837284247600,2.78824755859375,-0.15556716918945312,-0.004042220767587423,-0.2876041531562805,-0.0378597117960453,-0.7118760347366333,-0.7012839913368225,0.07675431668758392,-0.01665496826171875,-0.05163031816482544,0.8293925538051162,0.3560240606102142,0.15034914455364057,0.4034230607917829
1715269837294237700,2.79823779296875,-0.1643766313791275,0.004599737003445625,-0.2698480784893036,-0.03589526563882828,-0.7108484506607056,-0.7024286985397339,0.0700138732790947,-0.025769710540771484,-0.04715925455093384,0.8302359460372756,0.35514907438101506,0.1505150866825576,0.4023962836162266
1715269837304227600,2.8082275390625,-0.170037180185318,0.014227330684661865,-0.2573826313018799,-0.0339595228433609,-0.7097533345222473,-0.7036313414573669,0.05779370665550232,-0.029702961444854736,-0.03535175323486328,0.8310549823162297,0.35422983060438573,0.15068365833931288,0.4014516966197583
1715269837314217500,2.818217529296875,-0.19320115447044373,0.0165442805737257,-0.2434065341949463,-0.03208271786570549,-0.7085491418838501,-0.7049317955970764,0.05194962024688721,-0.03401988744735718,-0.030312836170196533,0.831867287017732,0.35325194046423175,0.15082166312025647,0.40057802988715513
1715269837324207600,2.82820751953125,-0.19560332596302032,0.030187921598553658,-0.22884170711040497,-0.030268732458353043,-0.7072172164916992,-0.7063481211662292,0.04291822761297226,-0.024411320686340332,-0.026607632637023926,0.8326690610194923,0.35220192640965164,0.15092954968358221,0.3997954631743803
1715269837334197800,2.83819775390625,-0.16004516184329987,0.04977094382047653,-0.22999019920825958,-0.02837294340133667,-0.7060204744338989,-0.7076228260993958,0.028586525470018387,-0.0023993849754333496,-0.023273050785064697,0.8334093724203242,0.35120536668009694,0.15114028009871872,0.3990491354960002
1715269837344187600,2.848187744140625,-0.14304088056087494,0.05172703415155411,-0.22872120141983032,-0.026388632133603096,-0.7050184011459351,-0.7086979746818542,0.016531411558389664,0.0016949176788330078,-0.027126550674438477,0.8340905865734737,0.3503016270241424,0.15145888186304465,0.3982988742585107
1715269837354176800,2.8581767578125,-0.1284482479095459,0.044669125229120255,-0.22381339967250824,-0.02445620857179165,-0.7041000723838806,-0.7096796035766602,0.015773914754390717,0.0053389668464660645,-0.02117055654525757,0.8347431796481829,0.34946025509157586,0.15178187074537874,0.39754731371087515
1715269837364166700,2.868166748046875,-0.10376580059528351,0.03797873109579086,-0.2239619940519333,-0.022608580067753792,-0.7033244967460632,-0.7105094194412231,0.02567555382847786,0.010560095310211182,-0.01382523775100708,0.8353576650039709,0.3487253476219738,0.15210501811996405,0.3967775309193282
1715269837374156800,2.87815673828125,-0.08350005745887756,0.023960918188095093,-0.2284618765115738,-0.020795676857233047,-0.7027056813240051,-0.7111768126487732,0.033841900527477264,0.0098344087600708,-0.01599597930908203,0.8359415000191864,0.348096758666245,0.15244754236043925,0.3959676782540028
1715269837384146700,2.888146728515625,-0.06312154978513718,0.0038053160533308983,-0.22242501378059387,-0.019094238057732582,-0.7022066116333008,-0.7117171883583069,0.04030391573905945,0.00945746898651123,-0.02113187313079834,0.8365131402792712,0.34757445737600523,0.15275279440441564,0.3951004911595574
1715269837394136600,2.898136474609375,-0.033453717827796936,-0.0026158317923545837,-0.22042964398860931,-0.017534784972667694,-0.7018869519233704,-0.7120725512504578,0.03981257602572441,0.01493614912033081,-0.02482008934020996,0.8370378789104264,0.34719224005111304,0.1530401157087347,0.39421320603905213
1715269837404126700,2.908126708984375,-0.01837170496582985,-0.00890994630753994,-0.20623765885829926,-0.016094272956252098,-0.7017587423324585,-0.7122328877449036,0.028789546340703964,0.01727992296218872,-0.028855860233306885,0.8374966193382667,0.34694519121718703,0.1533381164213435,0.39333962307718384
1715269837414116600,2.91811669921875,-0.003889594692736864,-0.021469414234161377,-0.19052527844905853,-0.014810822904109955,-0.7016893625259399,-0.7123291492462158,0.021616201847791672,0.018614232540130615,-0.03063642978668213,0.8379230692253614,0.34676433934948664,0.1535901087646224,0.3924916468678521
1715269837424106500,2.9281064453125,0.025462167337536812,-0.02347344346344471,-0.17104478180408478,-0.013693217188119888,-0.7017932534217834,-0.7122491002082825,0.021353088319301605,0.024669110774993896,-0.02943474054336548,0.8382708823941768,0.3467114405022603,0.15383957989264704,0.3916970509866689
1715269837434096600,2.9380966796875,0.03741336986422539,-0.029829077422618866,-0.15058931708335876,-0.012758615426719189,-0.7020323872566223,-0.7120307683944702,0.01864846795797348,0.028509318828582764,-0.03217083215713501,0.8385485594866604,0.34676731933213445,0.1540683327302675,0.39096269660342065
1715269837444085500,2.94808544921875,0.045402854681015015,-0.03344245254993439,-0.1297234445810318,-0.011776240542531013,-0.7021856307983398,-0.7118965983390808,0.01272224634885788,0.03713119029998779,-0.030168771743774414,0.8388309997325011,0.3467562602952346,0.15431071323652648,0.3902704738460258
1715269837454075600,2.95807568359375,0.04676372557878494,-0.03754771500825882,-0.10804630815982819,-0.010751630179584026,-0.7022877335548401,-0.7118120789527893,0.007852421142160892,0.03949159383773804,-0.020029842853546143,0.8391082542324351,0.3466995031192794,0.15457496289674527,0.3896196600905981
1715269837464065500,2.9680654296875,0.04875630885362625,-0.04520536959171295,-0.08327065408229828,-0.009642910212278366,-0.7022966742515564,-0.7118191719055176,0.004851609468460083,0.02555394172668457,-0.010989546775817871,0.8393876012534599,0.34656128364802713,0.15487312040259152,0.3890221976725428
1715269837474055700,2.9780556640625,0.046665992587804794,-0.05770038813352585,-0.06659574061632156,-0.008743485435843468,-0.702161967754364,-0.7119635939598083,0.007553260773420334,0.014463484287261963,-0.003200531005859375,0.8396674325804401,0.3463738675112109,0.15505917892500634,0.38851050271614784
1715269837484045800,2.9880458984375,0.04102648049592972,-0.06025249883532524,-0.057815566658973694,-0.008215499110519886,-0.7019116282463074,-0.7122167348861694,0.007132086902856827,0.017692148685455322,0.0019202232360839844,0.8399400713777939,0.34618972935957315,0.15506225056466538,0.38808415180171013
1715269837494035700,2.99803564453125,0.03252694755792618,-0.054791949689388275,-0.05092130973935127,-0.007890211418271065,-0.7015920281410217,-0.7125352025032043,0.002854771912097931,0.021828114986419678,0.001765608787536621,0.8401955986050557,0.34599805792006616,0.1549766228366482,0.3877356501607606
1715269837504025600,3.008025634765625,0.009249589405953884,-0.0489865243434906,-0.03736155852675438,-0.007584559731185436,-0.7011268138885498,-0.7129963040351868,-0.003600172232836485,0.015640854835510254,-0.00024515390396118164,0.840463052866753,0.3457157040915195,0.15486281135235402,0.38745347542716374
1715269837514015700,3.018015625,-0.020106755197048187,-0.04286365211009979,-0.035077162086963654,-0.0073658740147948265,-0.7004272937774658,-0.7136858701705933,-0.0023997873067855835,0.0043059587478637695,0.003633439540863037,0.8407626936492018,0.34530565240587685,0.15466442963553037,0.387248278388237
1715269837524005600,3.028005615234375,-0.009715898893773556,-0.03208743780851364,-0.03383293375372887,-0.0071852440014481544,-0.6996038556098938,-0.7144948244094849,0.003172144293785095,-0.003460228443145752,0.004915475845336914,0.8410723057093296,0.3448238534806972,0.15443148478844587,0.3870981246217744
1715269837533994800,3.037994873046875,-0.0002831951715052128,-0.03326881676912308,-0.03238111361861229,-0.0070808520540595055,-0.6989614963531494,-0.7151243686676025,0.0047004446387290955,-0.003309190273284912,0.0025389790534973145,0.8413245013961036,0.34446087888049837,0.15422233252398604,0.3869567236781513
1715269837543984600,3.047984619140625,0.012637663632631302,-0.030292998999357224,-0.035045869648456573,-0.007032743189483881,-0.6986777782440186,-0.7154019474983215,0.0008681528270244598,0.004082322120666504,0.0037778615951538086,0.8414910785602434,0.34432231631045135,0.15408173413170956,0.3867735834607581
1715269837553974500,3.057974609375,0.02457757294178009,-0.025983737781643867,-0.03765217587351799,-0.006849497556686401,-0.6986998915672302,-0.7153820991516113,-0.0004747621715068817,0.006728947162628174,0.006245255470275879,0.841589775912605,0.34433511467035116,0.1540852842029447,0.38654596319231277
1715269837563964700,3.067964599609375,0.019991077482700348,-0.024177849292755127,-0.040571000427007675,-0.0066497186198830605,-0.6987624764442444,-0.7153229117393494,0.0005156435072422028,-0.002516329288482666,0.00902414321899414,0.8416782221844926,0.3443678004394258,0.15410829316777527,0.38631501924664785
1715269837573954600,3.07795458984375,0.018344443291425705,-0.01565386913716793,-0.04634386673569679,-0.006445467472076416,-0.6987234950065613,-0.7153628468513489,0.0012574419379234314,-0.0064157843589782715,0.011459708213806152,0.8417883968015989,0.3443387213089759,0.15410848683615005,0.386100840676617
1715269837583944400,3.0879443359375,0.01353184599429369,-0.01138109341263771,-0.05060785263776779,-0.006285013630986214,-0.6987136602401733,-0.7153738737106323,0.002805971074849367,-0.0015122294425964355,0.0134848952293396,0.8418875300332066,0.3443352117682348,0.15409847096440374,0.385891663993625
1715269837593934800,3.097934814453125,0.009880545549094677,-0.010523822158575058,-0.05573457106947899,-0.006077000871300697,-0.6988221406936646,-0.7152696847915649,0.001651916652917862,0.0024567246437072754,0.010542631149291992,0.841964192929117,0.3443929383669955,0.154138429972644,0.3856569764541215
1715269837603924700,3.1079248046875,-0.006295495200902224,-0.0015119514428079128,-0.059032898396253586,-0.005678671877831221,-0.6989439129829407,-0.7151540517807007,-0.0005927309393882751,0.002059638500213623,0.010381162166595459,0.8420556663356434,0.3444226956476147,0.15425950170424962,0.38538233738061634
1715269837613913900,3.117913818359375,-0.033758118748664856,0.00908609852194786,-0.05809832736849785,-0.005205692257732153,-0.6988721489906311,-0.7152277231216431,-0.0008215680718421936,-0.009059488773345947,0.003496885299682617,0.8421880070201557,0.34431962135014305,0.1543701349267592,0.38514076492363686
1715269837623903700,3.12790380859375,-0.08796463161706924,0.01659807562828064,-0.0664587914943695,-0.0047048418782651424,-0.6984421014785767,-0.7156510949134827,-0.0006968076340854168,-0.019911229610443115,-0.002335846424102783,0.8423990132507366,0.3439965693080045,0.1544047186476488,0.38495384972251395
1715269837633893600,3.1378935546875,-0.12717941403388977,0.031740278005599976,-0.0740601196885109,-0.004115865100175142,-0.6976591348648071,-0.7164181470870972,-0.0013315603137016296,-0.023272991180419922,-0.0028047561645507812,0.8426937671108966,0.34344578943357895,0.1543888176443801,0.3848072417807369
1715269837643883800,3.1478837890625,-0.1373138129711151,0.048334699124097824,-0.07182200253009796,-0.0033744818065315485,-0.6968393921852112,-0.7172192931175232,-0.007657662034034729,-0.02032381296157837,0.0008040070533752441,0.8429941943704972,0.3428388973021879,0.15444042825649917,0.38466937786859573
1715269837653873700,3.157873779296875,-0.09875240921974182,0.07673545181751251,-0.06921322643756866,-0.002467482117936015,-0.6961857676506042,-0.7178574800491333,-0.01547689363360405,-0.010387837886810303,-0.0015027523040771484,0.8432357608791523,0.34228535121586856,0.15463500248500212,0.3845548882541171
1715269837663863600,3.167863525390625,-0.027464643120765686,0.0893295407295227,-0.07110380381345749,-0.0014230165397748351,-0.695919394493103,-0.7181185483932495,-0.021572016179561615,0.008068323135375977,-0.007467329502105713,0.8433716308131197,0.34192381998220694,0.15501238756016392,0.3844264443316171
1715269837673853700,3.177853759765625,0.03680584952235222,0.09927618503570557,-0.07015199959278107,-0.00032330414978787303,-0.6960832476615906,-0.7179610133171082,-0.02430441603064537,0.026878416538238525,-0.01133275032043457,0.8433923992082061,0.34179794960656046,0.15554309629282678,0.3842782479596626
1715269837683843600,3.187843505859375,1.5972427129745483,-0.09835274517536163,0.07385870069265366,-0.00139538012444973,-0.7021908164024353,-0.7119874954223633,-0.021828532218933105,0.03956252336502075,-0.020266413688659668,0.8421623166934259,0.3457344579048318,0.15644146206064735,0.3830882087904201
1715269837693833500,3.19783349609375,0.05301651358604431,-0.014555847272276878,-0.013328859582543373,-0.0018874455709010363,-0.7081560492515564,-0.7060535550117493,-0.009922895580530167,-0.02632594108581543,0.017226099967956543,0.8405654987778485,0.34932885157594723,0.15793219606164255,0.38272269049427876
1715269837703822600,3.207822509765625,0.1973648965358734,0.29815250635147095,0.11458303034305573,-0.0008539673290215433,-0.7083021402359009,-0.7059089541435242,-0.07040461897850037,-0.08941221237182617,0.026114702224731445,0.8403311893707329,0.3491015585477187,0.1586619940524792,0.38314239095336106
1715269837713812500,3.2178125,0.4832468628883362,0.12746067345142365,0.2501120865345001,-0.0007985849515534937,-0.7110880613327026,-0.7031025886535645,-0.0710703507065773,0.09937828779220581,0.1652761697769165,0.8390835201578994,0.3505184299300141,0.1599548042858776,0.3840446641960813
1715269837723802600,3.227802734375,0.2556571364402771,0.03616458550095558,0.04459036514163017,-0.0014303404605016112,-0.7136761546134949,-0.7004744410514832,-0.02072545886039734,-0.011497914791107178,0.02893519401550293,0.8380859341966883,0.3520616266832863,0.16067170038725712,0.3845118357493773
1715269837733792500,3.23779248046875,0.17160026729106903,0.019442066550254822,-0.07656402140855789,-0.0010810578241944313,-0.7151357531547546,-0.6989848017692566,-0.016268223524093628,0.012178480625152588,0.06792718172073364,0.8377344736102493,0.3528632317537755,0.16123007859962357,0.38430902324031957
1715269837743782700,3.24778271484375,0.07091758400201797,-0.0812256932258606,-0.15969273447990417,-0.000472461455501616,-0.7160249352455139,-0.6980746388435364,0.015654917806386948,0.020239293575286865,0.07249486446380615,0.8377531990422615,0.3533610065880133,0.16155089962659303,0.38367564945568144
1715269837753772800,3.257772705078125,-0.008815537206828594,-0.16028162837028503,-0.2751176655292511,0.0001871029962785542,-0.7162349224090576,-0.6978592872619629,0.07281090319156647,-0.016736388206481934,0.024870455265045166,0.8382188136235408,0.3535569566198382,0.16145540150003726,0.3825165961690154
1715269837763762700,3.2677626953125,-0.12477169930934906,-0.15528127551078796,-0.3610277771949768,0.0013406575890257955,-0.7158128023147583,-0.698291003704071,0.04976098984479904,-0.02318572998046875,0.027224838733673096,0.8390655529754157,0.35335701806488246,0.1612244137317374,0.3809391526815833
1715269837773752600,3.277752685546875,-0.34711456298828125,-0.08314236998558044,-0.41587409377098083,0.0032360414043068886,-0.7141826152801514,-0.6999520063400269,0.013792730867862701,-0.039754271507263184,0.010376930236816406,0.8403103858084701,0.352308513207107,0.1609431647415683,0.3792817576246761
1715269837783742700,3.28774267578125,-0.5054016709327698,0.2739472985267639,-0.311106413602829,0.0065849716775119305,-0.7111619114875793,-0.7029974460601807,0.008978955447673798,-0.041218578815460205,0.009104132652282715,0.8417420088067472,0.35004450055931224,0.1611524570553114,0.3781128021988272
1715269837793731600,3.297731689453125,-0.6815899610519409,0.2687152624130249,-0.00035726773785427213,0.00961743202060461,-0.7070058584213257,-0.7071424126625061,-0.04785599187016487,-0.18706774711608887,0.010349869728088379,0.84281214202212,0.3469148193765778,0.1614896182429163,0.37846954885811296
1715269837803721700,3.3077216796875,-0.4372713267803192,0.10188022255897522,-0.04696657881140709,0.010933629237115383,-0.7027173638343811,-0.7113850712776184,-0.12297895550727844,-0.29297971725463867,0.02545684576034546,0.8436952115908024,0.34400915424507106,0.16113709024137596,0.3793032106886105
1715269837813711600,3.317711669921875,0.09785540401935577,-0.0751747190952301,-0.21990813314914703,0.012054157443344593,-0.7016018629074097,-0.7124673128128052,-0.022887933999300003,0.11441302299499512,0.03599947690963745,0.8442186692732483,0.3432115092611786,0.16115894370768133,0.3788518359508046
1715269837823701500,3.327701416015625,0.19657985866069794,-0.15397338569164276,-0.17558354139328003,0.012573988176882267,-0.7028478980064392,-0.7112290859222412,0.03259199112653732,0.20731860399246216,-0.009931683540344238,0.8444040990537269,0.3440447281036493,0.16130306927427168,0.3776194436093585
1715269837833691600,3.337691650390625,0.03854372352361679,-0.0188928060233593,-0.11472272872924805,0.012868273071944714,-0.7036913633346558,-0.7103893160820007,0.027002908289432526,0.07693648338317871,-0.016356229782104492,0.8445318591139308,0.34462396398340256,0.16136809910955388,0.3767769445591726
1715269837843681500,3.347681640625,-0.046344004571437836,0.07073162496089935,-0.11424415558576584,0.013935412280261517,-0.7035927176475525,-0.7104668617248535,-0.024875998497009277,-0.02470940351486206,0.006472229957580566,0.8447426453217942,0.3444147054388403,0.16169435817052025,0.37635563106483244
1715269837853671400,3.35767138671875,0.027967404574155807,0.025719135999679565,-0.11119290441274643,0.015095663256943226,-0.7034371495246887,-0.7105972170829773,-0.05724047124385834,-0.06063157320022583,-0.0011336803436279297,0.8449471361243514,0.3441437656510662,0.16206930481320742,0.3759828772182535
1715269837863661800,3.367661865234375,0.1562420278787613,-0.02274693176150322,-0.12428207695484161,0.015885384753346443,-0.7040963768959045,-0.7099267840385437,-0.02043253555893898,0.0031074881553649902,-0.009448766708374023,0.8450002318693275,0.34445793889235093,0.1624356555607428,0.37541731527507205
1715269837873650400,3.377650390625,0.19127531349658966,-0.019645415246486664,-0.12064699083566666,0.016589971259236336,-0.7053717970848083,-0.7086434364318848,-0.0013769939541816711,0.0590093731880188,-0.012700498104095459,0.8449361574839999,0.3451730461197643,0.16289216854694488,0.3747062478558251
1715269837883640800,3.387640869140625,0.14053383469581604,0.002617812482640147,-0.10203282535076141,0.01730148307979107,-0.7065638899803162,-0.7074377536773682,-0.017744021490216255,0.04375255107879639,-0.005132317543029785,0.8448525424474832,0.3458222373106933,0.16336495400977716,0.3740897520567738
1715269837893630700,3.397630615234375,0.08306027203798294,0.007643463555723429,-0.09059354662895203,0.018020985648036003,-0.7073455452919006,-0.7066382169723511,-0.02560463920235634,0.001977384090423584,0.00664132833480835,0.8448315587062075,0.3462099426644514,0.16376682768391299,0.3736024744036064
1715269837903620600,3.40762060546875,0.0667092576622963,-0.0024387314915657043,-0.08717378973960876,0.01865544728934765,-0.7078340649604797,-0.7061324119567871,-0.018777552992105484,-0.014257729053497314,0.01738131046295166,0.8448723956403058,0.34643713042894386,0.16405820551997025,0.3731716781395544
1715269837913610800,3.41761083984375,0.07595426589250565,-0.02395281195640564,-0.08896736055612564,0.019159959629178047,-0.7083308100700378,-0.7056205868721008,-0.009943684563040733,-0.004361569881439209,0.02007383108139038,0.8449199487805121,0.34670167005710884,0.16427925289073364,0.3727205514979651
1715269837923600600,3.4276005859375,0.06966281682252884,-0.03462276607751846,-0.08455877006053925,0.019540220499038696,-0.7088398933410645,-0.7050988078117371,-0.007363744080066681,0.006981253623962402,0.016790151596069336,0.844972514681768,0.3470040693785561,0.16443471941447438,0.3722512766113456
1715269837933590500,3.437590576171875,0.05304836109280586,-0.04134352132678032,-0.07465992867946625,0.01983940415084362,-0.7092812657356262,-0.7046464085578918,-0.007571373134851456,0.0073157548904418945,0.019465863704681396,0.8450397639900934,0.347282910727023,0.16453376858839075,0.37179449705147055
1715269837943580700,3.44758056640625,0.022034786641597748,-0.04875216633081436,-0.07329718768596649,0.020021963864564896,-0.7095369100570679,-0.704383909702301,-0.006945215165615082,-0.0022552013397216797,0.0203934907913208,0.845145888802254,0.3474723752311444,0.16453267903333044,0.3713766751650047
1715269837953570600,3.457570556640625,0.018577471375465393,-0.052336517721414566,-0.07393921166658401,0.020181916654109955,-0.7096163034439087,-0.70429927110672,-0.004831608384847641,-0.0030303001403808594,0.021056532859802246,0.8453017042985735,0.3475639774528523,0.164467772378915,0.3709645948664301
1715269837963559700,3.4675595703125,0.026391450315713882,-0.05770065635442734,-0.07311949133872986,0.0202860739082098,-0.7097063660621643,-0.7042055130004883,-0.010154269635677338,0.0017747282981872559,0.020062565803527832,0.8454548410488398,0.3476737494106615,0.16437821749736042,0.3705523447512824
1715269837973549600,3.477549560546875,0.024564042687416077,-0.06137022748589516,-0.0682654157280922,0.020316192880272865,-0.7098677158355713,-0.7040420174598694,-0.01526557095348835,0.0034161806106567383,0.019532859325408936,0.8455848524115872,0.34783967363516083,0.1642758820837805,0.37014495820881155
1715269837983539500,3.48753955078125,0.044717248529195786,-0.05979736149311066,-0.06358809769153595,0.020200014114379883,-0.7101977467536926,-0.7037123441696167,-0.017438208684325218,0.009498775005340576,0.021415770053863525,0.8456629356132547,0.34813335937462814,0.1641553547407933,0.369743631042211
1715269837993529600,3.497529541015625,0.06586434692144394,-0.05751476809382439,-0.05800192058086395,0.02009863592684269,-0.7107085585594177,-0.7031994462013245,-0.016741737723350525,0.011627018451690674,0.01734745502471924,0.8456813086141021,0.3485260077418127,0.16410329623227468,0.36935485334602847
1715269838003519700,3.507519775390625,0.07004231214523315,-0.06215079501271248,-0.0559891052544117,0.019983846694231033,-0.7112197279930115,-0.7026856541633606,-0.015436762943863869,0.0097883939743042,0.013675153255462646,0.84569743159354,0.348921279170051,0.1640460630758834,0.36896979010910774
1715269838013509600,3.517509521484375,0.06314195692539215,-0.05669078603386879,-0.04722191020846367,0.019836103543639183,-0.7117345333099365,-0.7021684646606445,-0.01269502192735672,0.010287880897521973,0.018635809421539307,0.8457004659955483,0.34932050186454466,0.16398464816617503,0.3686123240370251
1715269838023499800,3.527499755859375,0.051308467984199524,-0.05236687511205673,-0.042870037257671356,0.019706906750798225,-0.7122259736061096,-0.7016736268997192,-0.006553862243890762,0.006552636623382568,0.018949687480926514,0.8456992886320922,0.34969764490990674,0.16393519532768694,0.3682793600384658
1715269838033489700,3.53748974609375,0.02997169829905033,-0.05231361463665962,-0.032439038157463074,0.019555000588297844,-0.7126015424728394,-0.7012965083122253,-0.005486432462930679,-0.0002586841583251953,0.017992734909057617,0.8457115135234907,0.3500030846106514,0.16385844673286168,0.3679952557852005
1715269838043479800,3.547479736328125,0.0268882904201746,-0.05150747299194336,-0.025992855429649353,0.019276684150099754,-0.7128617167472839,-0.7010397911071777,-0.0035143867135047913,-0.003996312618255615,0.02068096399307251,0.8457316712108911,0.3502563861680073,0.1637088251214132,0.3677745811622034
1715269838053468700,3.55746875,0.022273406386375427,-0.05321189761161804,-0.025583861395716667,0.018932519480586052,-0.7131098508834839,-0.7007967233657837,0.0007207710295915604,-0.0061743855476379395,0.020941436290740967,0.8457441780987869,0.3505116780364896,0.16353348360354178,0.3675804255126772
1715269838063458600,3.56745849609375,0.03234788030385971,-0.05639836937189102,-0.01772353984415531,0.018523413687944412,-0.7133258581161499,-0.7005877494812012,0.003693351522088051,-0.0053327083587646484,0.025783121585845947,0.8457594590711999,0.3507589599537803,0.1633226087636436,0.3674031144931027
1715269838073448700,3.57744873046875,0.048789169639348984,-0.0576053149998188,-0.015110913664102554,0.01807832531630993,-0.713604211807251,-0.7003158926963806,0.006762951612472534,-0.0013159513473510742,0.02911233901977539,0.8457529826524344,0.3510487393067978,0.16311601809658502,0.3672330425630049
1715269838083438600,3.5874384765625,0.06858684122562408,-0.06431807577610016,-0.01749284565448761,0.017641205340623856,-0.7140070796012878,-0.6999163031578064,0.005292721092700958,0.0023369789123535156,0.024058878421783447,0.8457210339120291,0.35141474056251604,0.16294022075821984,0.36703460169596663
1715269838093428700,3.5974287109375,0.08520160615444183,-0.07283593714237213,-0.017816687002778053,0.01718079298734665,-0.7145642042160034,-0.6993589401245117,0.0054937321692705154,0.005381345748901367,0.02437126636505127,0.8456624793195301,0.35188461591251285,0.1627812900525771,0.366789643435723
1715269838103418600,3.607418701171875,0.09516609460115433,-0.07579070329666138,-0.015782829374074936,0.016755782067775726,-0.7152433395385742,-0.6986746788024902,0.008085492998361588,0.0019558072090148926,0.023091912269592285,0.8455822790430715,0.352425238024788,0.1626625377263349,0.3665079964868474
1715269838113408500,3.617408447265625,0.07627826929092407,-0.08025336265563965,-0.023709595203399658,0.01634698174893856,-0.7159083485603333,-0.6980029344558716,0.010538972914218903,-0.003833591938018799,0.020238101482391357,0.8455152843894467,0.3529587911796881,0.16253810314561098,0.36620410843495665
1715269838123398700,3.627398681640625,0.06747119128704071,-0.07793241739273071,-0.030023416504263878,0.015980947762727737,-0.7164979577064514,-0.6974061727523804,0.013025974854826927,-0.005807459354400635,0.018985271453857422,0.8454773447198696,0.3534425546718149,0.16240469125769896,0.36588410538429283
1715269838133388800,3.637388916015625,0.046128831803798676,-0.0766916573047638,-0.03339983895421028,0.015706386417150497,-0.7169939279556274,-0.6969025731086731,0.012110352516174316,-0.00837850570678711,0.01677262783050537,0.8454704675970167,0.3538538036157698,0.16228434504219996,0.36555613250948227
1715269838143377700,3.647377685546875,0.02720147930085659,-0.07762110233306885,-0.03802814707159996,0.015513887628912926,-0.7173953056335449,-0.6964936256408691,0.008305050432682037,-0.013775467872619629,0.01593649387359619,0.845501114636194,0.354196809229862,0.1621659465046489,0.36520527913950684
1715269838153367800,3.657367919921875,0.009499287232756615,-0.07428735494613647,-0.043941430747509,0.01543100830167532,-0.7176675796508789,-0.6962149739265442,0.005580313503742218,-0.01501387357711792,0.012728095054626465,0.8455747235073114,0.3544429493137812,0.16205770240047018,0.3648440262657199
1715269838163357700,3.667357666015625,0.016792353242635727,-0.06535005569458008,-0.04581043869256973,0.015368597581982613,-0.7178391218185425,-0.6960394382476807,-0.001635722815990448,-0.012629806995391846,0.01514655351638794,0.8456726615133016,0.35462323817791513,0.16193405603749497,0.36449643341509
1715269838173348000,3.67734814453125,0.028084157034754753,-0.05703459680080414,-0.05883282795548439,0.015444336459040642,-0.718102216720581,-0.6957663893699646,-0.011248204857110977,-0.009055495262145996,0.017024993896484375,0.8457590226564363,0.3548353226583454,0.1618910352965151,0.3641087212105703
1715269838183338200,3.687338134765625,0.032184891402721405,-0.04423224925994873,-0.07162638753652573,0.015727968886494637,-0.7184193730354309,-0.6954324245452881,-0.024578098207712173,-0.006312191486358643,0.012906908988952637,0.8458462175946843,0.3550435514187698,0.16195016124020484,0.3636763600961217
1715269838193328000,3.697328125,0.04076165705919266,-0.019887229427695274,-0.0756080150604248,0.016232598572969437,-0.7188006639480591,-0.6950267553329468,-0.04211153835058212,-0.004145622253417969,0.014042377471923828,0.8459211287306587,0.35524659965866956,0.16213102648937577,0.3632230733806433
1715269838203318000,3.707318115234375,0.06737755239009857,-0.004522655159235001,-0.07709192484617233,0.01691039651632309,-0.719322919845581,-0.6944700479507446,-0.06279361248016357,-0.0001901388168334961,0.019055068492889404,0.8459413495061574,0.3554916692275514,0.16245202532821224,0.36279243304790615
1715269838213308200,3.71730810546875,0.09281527251005173,-0.002463498618453741,-0.0813692957162857,0.01755809411406517,-0.7199583649635315,-0.6937950849533081,-0.07914260029792786,0.0027189254760742188,0.02112680673599243,0.8459252191591611,0.35580956787223106,0.16279434295839418,0.36236460499541656
1715269838223298000,3.727298095703125,0.09986226260662079,-0.013759296387434006,-0.07645150274038315,0.018090635538101196,-0.7206969857215881,-0.6930141448974609,-0.08356612920761108,0.007668912410736084,0.02857029438018799,0.8458827440450887,0.3562153546319684,0.16310590338458816,0.3619247442794899
1715269838233287200,3.737287109375,0.0956626683473587,-0.023907005786895752,-0.07745757699012756,0.018548035994172096,-0.7214205265045166,-0.6922488808631897,-0.07947641611099243,0.009048521518707275,0.03691452741622925,0.8458511377764747,0.356631725672345,0.16336877763640342,0.36146994110808556
1715269838243277000,3.747277099609375,0.06374415010213852,-0.022728024050593376,-0.07687967270612717,0.018917955458164215,-0.7220137715339661,-0.6916201114654541,-0.0809297114610672,-0.0031603574752807617,0.04588347673416138,0.8458493888581242,0.3569859805368413,0.16355722387307364,0.36103882812305277
1715269838253267000,3.757266845703125,0.034951385110616684,-0.017176665365695953,-0.08637949824333191,0.019294511526823044,-0.7223655581474304,-0.6912422180175781,-0.08972911536693573,-0.014145851135253906,0.056842923164367676,0.8459118048399087,0.3571926238270975,0.1636835711109587,0.3606306529857398
1715269838263257300,3.76725732421875,0.011016489937901497,-0.036568205803632736,-0.09544356912374496,0.019666697829961777,-0.7225353121757507,-0.6910542845726013,-0.09751707315444946,-0.014510095119476318,0.0678243637084961,0.8460390514268119,0.35729724733648455,0.1637423064401724,0.36020158901798227
1715269838273247200,3.777247314453125,-0.015169892460107803,-0.06523233652114868,-0.10460131615400314,0.019856484606862068,-0.7225294709205627,-0.6910548806190491,-0.1014910340309143,-0.009022712707519531,0.07598841190338135,0.8462434557015915,0.35734678565218714,0.16363320931630032,0.3597214126928681
1715269838283237000,3.787237060546875,-0.019506584852933884,-0.0702713131904602,-0.12221519649028778,0.019922977313399315,-0.7223842740058899,-0.6912047863006592,-0.09858207404613495,-0.0006688237190246582,0.08678901195526123,0.846515879138419,0.35735098415183036,0.16339482978285322,0.3591842061571312
1715269838293227300,3.797227294921875,-0.019296249374747276,-0.08932222425937653,-0.14104673266410828,0.019955217838287354,-0.7222791314125061,-0.6913137435913086,-0.10014018416404724,-0.0013843774795532227,0.09051430225372314,0.8468142534358319,0.3574032973724031,0.16311344702729982,0.3585562415301907
1715269838303217200,3.807217041015625,-0.01420055702328682,-0.11935202777385712,-0.1603567898273468,0.019854312762618065,-0.7221752405166626,-0.6914252042770386,-0.1049221009016037,-0.006203114986419678,0.09265518188476562,0.8471540249808995,0.357502734383076,0.16272432911367715,0.3578305885285164
1715269838313206300,3.817206298828125,-0.0033407709561288357,-0.1511472463607788,-0.18147452175617218,0.019794171676039696,-0.7221540808677673,-0.691448986530304,-0.10676930844783783,-0.003569304943084717,0.1050538420677185,0.8475385101514655,0.3576744768633811,0.1623098024932078,0.35693551124989886
1715269838323196200,3.827196044921875,-0.01602061279118061,-0.18156427145004272,-0.2044685333967209,0.019733233377337456,-0.722154438495636,-0.6914504170417786,-0.10347350686788559,-0.009535133838653564,0.11190646886825562,0.8479874480907775,0.35789124721054366,0.16182904525362585,0.35586895101636756
1715269838333186000,3.83718603515625,-0.022572575137019157,-0.20404401421546936,-0.23166711628437042,0.019699882715940475,-0.722102165222168,-0.6915059685707092,-0.09925924241542816,-0.015553593635559082,0.11571568250656128,0.8485150851266894,0.35809977525769765,0.1612810038849284,0.35464815147789897
1715269838343176200,3.84717626953125,-0.041391000151634216,-0.23663631081581116,-0.2681151330471039,0.01971147023141384,-0.7219429016113281,-0.6916719675064087,-0.09777546674013138,-0.012676417827606201,0.11528652906417847,0.8491442632704937,0.3582669969340468,0.16065110906250227,0.35325674236626114
1715269838353166000,3.857166015625,-0.0573771595954895,-0.2745610773563385,-0.3072040379047394,0.019763542339205742,-0.7216615080833435,-0.6919640302658081,-0.09511147439479828,-0.00984501838684082,0.11267948150634766,0.8498948243510029,0.3583919317343042,0.1599162366203725,0.3516547099636794
1715269838363156000,3.867156005859375,-0.10814846307039261,-0.29408523440361023,-0.34731149673461914,0.01991994120180607,-0.7211325764656067,-0.6925107836723328,-0.0926891341805458,-0.02000218629837036,0.10848069190979004,0.8507987156886813,0.35838441442754,0.15907618793469722,0.34985295304040814
1715269838373146000,3.87714599609375,-0.1603371500968933,-0.29942700266838074,-0.3990288972854614,0.020345574244856834,-0.7202373743057251,-0.6934293508529663,-0.10687819868326187,-0.03203636407852173,0.10654592514038086,0.8518806745607188,0.3581363235181941,0.15818878283220994,0.3478708285851829
1715269838383136300,3.88713623046875,-0.2149394154548645,-0.3074628412723541,-0.4487040340900421,0.021060815081000328,-0.7189686894416809,-0.6947233080863953,-0.12602606415748596,-0.03747057914733887,0.10593253374099731,0.8531417375718156,0.3576403036686197,0.15726332235815932,0.3457034772447847
1715269838393126100,3.897126220703125,-0.25835710763931274,-0.3149351179599762,-0.4890509843826294,0.02226237580180168,-0.7172057628631592,-0.6965058445930481,-0.14526350796222687,-0.03834855556488037,0.10747087001800537,0.8546191432288825,0.3567887523487617,0.1563613413113836,0.3433353973030405
1715269838403115300,3.907115234375,-0.2994145154953003,-0.3245217204093933,-0.5400848388671875,0.023709213361144066,-0.7151321172714233,-0.6985871195793152,-0.1630525141954422,-0.037294089794158936,0.11362630128860474,0.856247138193089,0.3557368653391288,0.15542756011137845,0.3407850270141695
1715269838413105200,3.917105224609375,-0.3226052522659302,-0.3313623070716858,-0.5953978896141052,0.025469578802585602,-0.7128338813781738,-0.7008702754974365,-0.1823757290840149,-0.03585398197174072,0.11781686544418335,0.8580105520838265,0.3545302144059601,0.15450947213738078,0.3380134132820938
1715269838423095300,3.92709521484375,-0.34191077947616577,-0.3461926579475403,-0.6410892009735107,0.027494331821799278,-0.7103587985038757,-0.7033026218414307,-0.19302169978618622,-0.037535667419433594,0.12380439043045044,0.8598922390941222,0.35320837491160323,0.15359859616192617,0.33501774934191975
1715269838433085200,3.937085205078125,-0.3912064731121063,-0.3591388165950775,-0.7006259560585022,0.029763707891106606,-0.7075843811035156,-0.706001877784729,-0.19507744908332825,-0.045498013496398926,0.12546604871749878,0.861923606958369,0.35170420597234875,0.15265394451533887,0.3317963873186088
1715269838443075000,3.947074951171875,-0.4498969316482544,-0.3632560670375824,-0.7581925392150879,0.03233936056494713,-0.7043902277946472,-0.7090758681297302,-0.20511466264724731,-0.04928719997406006,0.13545233011245728,0.8641361419835232,0.34993806784242637,0.15167533960362248,0.32833942188339427
1715269838453065200,3.957065185546875,-0.47210443019866943,-0.36621376872062683,-0.832131564617157,0.035325028002262115,-0.7008461356163025,-0.7124372720718384,-0.2238321304321289,-0.044026970863342285,0.14877772331237793,0.8665077470264997,0.3479374720042442,0.15073446424642573,0.3246274848724284
1715269838463055000,3.96705517578125,-0.4838489592075348,-0.3910823464393616,-0.9067403078079224,0.03871739283204079,-0.6971092224121094,-0.715918779373169,-0.23399940133094788,-0.0428658127784729,0.1544564962387085,0.8690232955715242,0.34581644922961224,0.14983857040692947,0.3205588147760546
1715269838473045000,3.977044921875,-0.48918935656547546,-0.4383643865585327,-0.9733669757843018,0.0422733835875988,-0.6932353377342224,-0.7194705009460449,-0.2303379774093628,-0.042055368423461914,0.16284525394439697,0.8716654964759579,0.3436555758498501,0.14888115484411854,0.31612428808409615
1715269838483035100,3.98703515625,-0.4820805788040161,-0.4983230531215668,-1.0475493669509888,0.04587907716631889,-0.6892905235290527,-0.7230309247970581,-0.20136615633964539,-0.032267212867736816,0.17005252838134766,0.8744251459687205,0.34152122258098466,0.14780999076086493,0.31128148743475986
1715269838493024000,3.99702392578125,-0.44985270500183105,-0.5498402714729309,-1.1040138006210327,0.04949168115854263,-0.6853979229927063,-0.7264848947525024,-0.15521985292434692,-0.027752220630645752,0.1571338176727295,0.8772658996639726,0.3394937291045968,0.14663408013265117,0.30601813285796453
1715269838503014100,4.00701416015625,-0.41849929094314575,-0.5931901335716248,-1.1422674655914307,0.053013917058706284,-0.6816794872283936,-0.7297278642654419,-0.12552370131015778,-0.021262526512145996,0.14165419340133667,0.8801158010510621,0.3376424707780613,0.14537412509107575,0.3004334893866452
1715269838513004000,4.017004150390625,-0.3851776719093323,-0.6329050660133362,-1.1801365613937378,0.05640018358826637,-0.6780952215194702,-0.7328068614006042,-0.12640753388404846,0.0036566853523254395,0.1294897198677063,0.8829637527541109,0.33593991313907623,0.1440171570175024,0.2945819578104632
1715269838522994200,4.026994140625,-0.35304635763168335,-0.6771761178970337,-1.2045027017593384,0.05966070294380188,-0.6747317314147949,-0.7356478571891785,-0.12606698274612427,0.02672135829925537,0.11774331331253052,0.8857773488125448,0.33442892080464826,0.14259509299321496,0.28848327889560793
1715269838532984300,4.036984375,-0.37106066942214966,-0.72518390417099,-1.2080636024475098,0.06261415034532547,-0.6713562607765198,-0.7384851574897766,-0.11028262972831726,0.027191102504730225,0.09322154521942139,0.8885907708849545,0.33298516059011063,0.14099043913823858,0.2822219652222157
1715269838542974200,4.04697412109375,-0.41500282287597656,-0.768676221370697,-1.1927709579467773,0.06512150168418884,-0.6676996350288391,-0.7415769696235657,-0.08431708067655563,0.036550283432006836,0.07420343160629272,0.8914338949913151,0.3314475788511888,0.1391187324061803,0.2759241879657547
1715269838552964000,4.056964111328125,-0.4472073018550873,-0.8072172403335571,-1.179772973060608,0.06715307384729385,-0.6637055277824402,-0.7449734807014465,-0.04916297644376755,0.040719568729400635,0.05584084987640381,0.8943057756689354,0.3297750607280726,0.1369732848059342,0.2696367063352155
1715269838562954200,4.066954345703125,-0.4826715588569641,-0.8535287976264954,-1.1704708337783813,0.06871534138917923,-0.6594409346580505,-0.7486093640327454,-0.007420793175697327,0.039720356464385986,0.020612597465515137,0.8971965044418735,0.32800526168622585,0.13456550053618518,0.2633312237524108
1715269838572944100,4.076944091796875,-0.5148699283599854,-0.8972331285476685,-1.1458250284194946,0.0697389617562294,-0.6548680067062378,-0.7525187134742737,0.025033362209796906,0.04643893241882324,-0.011183559894561768,0.9001099633274795,0.3261183248990317,0.13186154403151704,0.25702453373057343
1715269838582933200,4.086933349609375,-0.5013770461082458,-0.9073086977005005,-1.1183840036392212,0.07030142843723297,-0.6502394676208496,-0.7564696669578552,0.04352913051843643,0.07249587774276733,-0.034805238246917725,0.902961034519349,0.3242355481070349,0.12898244982957535,0.25079117305592546
1715269838592923100,4.096923095703125,-0.48665717244148254,-0.8982565999031067,-1.0857179164886475,0.07058446854352951,-0.6457406878471375,-0.760287344455719,0.044039539992809296,0.0910530686378479,-0.060208141803741455,0.9056922102716151,0.3224314802770654,0.1260724591576594,0.24467402678727942
1715269838602913000,4.1069130859375,-0.5092372894287109,-0.8802120685577393,-1.026190996170044,0.07061483711004257,-0.641218900680542,-0.7641019821166992,0.044848404824733734,0.07331717014312744,-0.09119880199432373,0.9083197213505585,0.3206003525299521,0.12314385757071997,0.23876011277249887
1715269838612903200,4.116903076171875,-0.5271771550178528,-0.8420090079307556,-0.9709702134132385,0.07037796825170517,-0.6365281939506531,-0.7680357098579407,0.06040510535240173,0.054908812046051025,-0.10501110553741455,0.9108531257661145,0.3186440705359413,0.12020023452877714,0.23316227336947937
1715269838622893000,4.12689306640625,-0.5177602171897888,-0.8235312104225159,-0.9290587306022644,0.0700116977095604,-0.6318429112434387,-0.7719281315803528,0.08814564347267151,0.04819411039352417,-0.11816275119781494,0.9132689218352742,0.3166561377243507,0.11732359575168455,0.22782487265092213
1715269838632883000,4.136883056640625,-0.4989353120326996,-0.8190155625343323,-0.8916791677474976,0.06937965005636215,-0.6272834539413452,-0.7756945490837097,0.11412254720926285,0.047647714614868164,-0.138779878616333,0.9155687130688833,0.3147344923265623,0.11443309235693788,0.22266874384041035
1715269838642873000,4.146873046875,-0.4651147425174713,-0.792884349822998,-0.8485761880874634,0.06853450834751129,-0.622943639755249,-0.7792587876319885,0.13176760077476501,0.06575357913970947,-0.15248852968215942,0.9177356139450348,0.31292689620806874,0.11156773698776512,0.21769439342664845
1715269838652863200,4.15686328125,-0.4425196945667267,-0.7427977323532104,-0.8050919771194458,0.06765516847372055,-0.6188439726829529,-0.7825949788093567,0.13147202134132385,0.08017808198928833,-0.16415172815322876,0.9197542737373446,0.31121866841056967,0.1088367437230736,0.21295469809108594
1715269838662853000,4.16685302734375,-0.4310992360115051,-0.687305748462677,-0.7522306442260742,0.06683589518070221,-0.614902675151825,-0.7857657074928284,0.1254248321056366,0.0703926682472229,-0.17562943696975708,0.9216335839530118,0.3095474836745053,0.10628975496637816,0.20850520626584773
1715269838672843300,4.17684326171875,-0.41682887077331543,-0.6337199807167053,-0.7073160409927368,0.06609891355037689,-0.6110773086547852,-0.7888063788414001,0.13116669654846191,0.057015299797058105,-0.17934846878051758,0.923387342482207,0.3078888836159882,0.10392900303607773,0.20435057066893897
1715269838682832100,4.18683203125,-0.35346347093582153,-0.5816344618797302,-0.6637008786201477,0.06548415124416351,-0.6075759530067444,-0.7915576100349426,0.144827738404274,0.06533944606781006,-0.1784435510635376,0.9249842450370427,0.30636537377258666,0.10179126902514227,0.20045752397162833
1715269838692822300,4.196822265625,-0.27439501881599426,-0.5322679281234741,-0.6231030821800232,0.0649852603673935,-0.6046663522720337,-0.7938233613967896,0.1536426544189453,0.07916885614395142,-0.1832730770111084,0.9263818594485782,0.3051376655567631,0.09989652426870801,0.19679542861995594
1715269838702812200,4.206812255859375,-0.1971936970949173,-0.4815307557582855,-0.5672909021377563,0.06453348696231842,-0.602420449256897,-0.7955658435821533,0.15485738217830658,0.09280729293823242,-0.18961775302886963,0.9275695567000732,0.30425341689286145,0.09821877927682546,0.19338485964587324
1715269838712802000,4.216802001953125,-0.1305466592311859,-0.4343358278274536,-0.5086755156517029,0.06411658227443695,-0.6007993221282959,-0.7968244552612305,0.15989768505096436,0.09616059064865112,-0.18913733959197998,0.9285516648383803,0.3036877210488453,0.09675502499478436,0.1902735803271743
1715269838722792200,4.226792236328125,-0.08297887444496155,-0.3842526972293854,-0.4550948739051819,0.0637502521276474,-0.5996426343917847,-0.797724723815918,0.1653604507446289,0.09002947807312012,-0.19141095876693726,0.9293657803883381,0.3033481333567628,0.09548583287203002,0.18746163734193763
1715269838732782000,4.236781982421875,-0.0582679882645607,-0.322866827249527,-0.4048692584037781,0.0635007843375206,-0.5988094806671143,-0.7983701825141907,0.1623750776052475,0.08744156360626221,-0.19482433795928955,0.9300415212010592,0.30314823924973583,0.09442481288801809,0.1849544157377992
1715269838742772200,4.246772216796875,-0.04614102095365524,-0.26014912128448486,-0.35539278388023376,0.06344473361968994,-0.5981547236442566,-0.7988653182983398,0.15049874782562256,0.08487945795059204,-0.19202512502670288,0.9306063274181263,0.30299690924152967,0.09359600482572977,0.1827697497150533
1715269838752762000,4.25676220703125,-0.05379350483417511,-0.21100685000419617,-0.3148547410964966,0.06356758624315262,-0.5975568294525146,-0.799302875995636,0.14369255304336548,0.07843738794326782,-0.18556034564971924,0.9310918471383592,0.3028293082744627,0.0929675272401187,0.18088577221403168
1715269838762752000,4.266751953125,-0.07817953824996948,-0.16840478777885437,-0.2709738314151764,0.06380972266197205,-0.5968467593193054,-0.799813985824585,0.14456430077552795,0.0660390853881836,-0.17272013425827026,0.9315422557963681,0.3025584181755651,0.09247384580568921,0.1792659835995889
1715269838772741000,4.2767412109375,-0.09229572862386703,-0.12450125813484192,-0.22625890374183655,0.0641418918967247,-0.5960132479667664,-0.8004087209701538,0.1469482034444809,0.05658441781997681,-0.15613418817520142,0.9319590819476747,0.3021799548622353,0.09210272291995908,0.1779238629048055
1715269838782731000,4.28673095703125,-0.09761699289083481,-0.08748704195022583,-0.18127332627773285,0.06451379507780075,-0.5951275825500488,-0.8010375499725342,0.14695775508880615,0.04771840572357178,-0.14163511991500854,0.9323302538239155,0.3017402776886892,0.09183700471282119,0.17685912214261357
1715269838792721200,4.29672119140625,-0.09685852378606796,-0.06468959152698517,-0.1432836651802063,0.06487514823675156,-0.594251811504364,-0.8016583323478699,0.14511629939079285,0.04705619812011719,-0.12786126136779785,0.9326526276661823,0.3012836477173184,0.09164611342757363,0.17603482825286498
1715269838802711300,4.306711181640625,-0.1351310759782791,-0.0595555454492569,-0.1373211145401001,0.06519372016191483,-0.5932438969612122,-0.8023786544799805,0.13930457830429077,0.05283844470977783,-0.11166846752166748,0.9329774205486159,0.3007427303273399,0.0914574915807308,0.1753356298950049
1715269838812701200,4.316701171875,-0.13340364396572113,-0.01931864582002163,-0.06538986414670944,0.0655074492096901,-0.5920634269714355,-0.8032245635986328,0.1415543258190155,0.037528395652770996,-0.08804124593734741,0.9332986930064795,0.3000841825034202,0.091308224466255,0.17483134138246814
1715269838822691300,4.32669140625,-0.14531517028808594,0.031597800552845,-0.07681695371866226,0.06584298610687256,-0.5909828543663025,-0.8039925694465637,0.13767874240875244,0.015573740005493164,-0.0747610330581665,0.9335386715048063,0.299450201068571,0.09128691667263533,0.17464798117704056
1715269838832681200,4.33668115234375,-0.153671994805336,-0.29820674657821655,-0.1963503360748291,0.067135289311409,-0.5895627737045288,-0.8049277067184448,0.1130710169672966,0.04357266426086426,-0.0819435715675354,0.9340112060430412,0.29863422392345507,0.09139885688623653,0.1734560502626174
1715269838842671000,4.346671142578125,-0.14806418120861053,-0.23143169283866882,0.3240760564804077,0.06419110298156738,-0.588594377040863,-0.8058760166168213,0.13328814506530762,-0.0015698671340942383,-0.08142244815826416,0.9342357236911206,0.29832691055583577,0.08979444944227302,0.1736136798122625
1715269838852661200,4.3566611328125,-0.23021866381168365,0.0625423938035965,0.17391952872276306,0.06188708171248436,-0.5871290564537048,-0.8071241974830627,0.20973461866378784,-0.05122250318527222,-0.057148754596710205,0.9343512505482643,0.29758211491878417,0.08878506582263401,0.17478502071803664
1715269838862650000,4.366650146484375,-0.1521502286195755,0.1485513150691986,0.09093489497900009,0.06222881004214287,-0.5856038331985474,-0.8082053065299988,0.042492255568504333,0.0051288604736328125,-0.056662797927856445,0.9344841886665628,0.29659731961486085,0.08903588042894012,0.17561931579421808
1715269838872640300,4.37664013671875,-0.03322836384177208,0.07856664061546326,0.1307288408279419,0.06244254112243652,-0.5849476456642151,-0.8086639046669006,-0.043246977031230927,0.021364152431488037,-0.06058347225189209,0.9344689065930692,0.2961320811986848,0.08929642087499196,0.1763519133855505
1715269838882630100,4.386630126953125,0.010778244584798813,0.1250862032175064,0.059746284037828445,0.06260181963443756,-0.5849569439888,-0.8086448311805725,0.09592174738645554,-0.001621544361114502,-0.054148077964782715,0.9343453453377688,0.29606284404110256,0.08957888908358203,0.1769783348897273
1715269838892620000,4.3966201171875,-0.006549506448209286,0.2506886124610901,-0.012982849031686783,0.06401574611663818,-0.5849965214729309,-0.8085054755210876,0.11480201035737991,-0.009287655353546143,-0.03510713577270508,0.9342413357700537,0.29592163483634715,0.09043033700708747,0.17733034923278534
1715269838902610200,4.406610107421875,0.00957939587533474,0.3209955096244812,-0.04842685908079147,0.06650839000940323,-0.5849802494049072,-0.8083160519599915,0.042378321290016174,-0.021556735038757324,-0.01518547534942627,0.9341348187228826,0.29565452573405937,0.09181711094618647,0.17762408840497104
1715269838912600300,4.416600341796875,-0.03489960357546806,0.3030913472175598,-0.12605507671833038,0.06972335278987885,-0.5847489833831787,-0.808212399482727,0.012719869613647461,-0.031095802783966064,0.0015718936920166016,0.9341013004246316,0.29522421891337913,0.0934690082674153,0.17765427960423075
1715269838922590200,4.426590087890625,-0.06392566114664078,0.23056362569332123,-0.1326266974210739,0.07285288721323013,-0.5841735005378723,-0.808352530002594,0.04361744225025177,-0.039010822772979736,0.01100456714630127,0.9341804741306614,0.2946310111287199,0.0949541826834018,0.17743515662903753
1715269838932580400,4.436580322265625,-0.1273488849401474,0.09447397291660309,-0.13297362625598907,0.07523392885923386,-0.583335816860199,-0.8087393045425415,0.09221601486206055,-0.04502129554748535,0.01970738172531128,0.9343564820447372,0.2939744458282969,0.0959654940943939,0.17705286092774264
1715269838942570200,4.4465703125,-0.22264797985553741,0.029528789222240448,-0.13649380207061768,0.07652010768651962,-0.5817727446556091,-0.8097439408302307,0.13655361533164978,-0.052413225173950195,0.01727879047393799,0.9347171963240086,0.2930149324288944,0.09628235378636323,0.1765668261161693
1715269838952559400,4.456559326171875,-0.2876078188419342,0.04330185800790787,-0.12534327805042267,0.07743530720472336,-0.579504132270813,-0.811282217502594,0.12955015897750854,-0.04851722717285156,0.01373589038848877,0.9352046403117786,0.2916793267541389,0.09634351873858599,0.176163503071549
1715269838962549200,4.46654931640625,-0.28611963987350464,0.05263304337859154,-0.11519823968410492,0.0786651074886322,-0.5770308971405029,-0.8129250407218933,0.0702606663107872,-0.03908860683441162,0.001676321029663086,0.9357153671426874,0.2901988448220241,0.09655103845280791,0.1757820122911048
1715269838972539100,4.4765390625,-0.2920573055744171,0.0959959626197815,-0.11433543264865875,0.07990569621324539,-0.5746258497238159,-0.8145061731338501,0.04411774128675461,-0.03326916694641113,-0.014625847339630127,0.9361945723652679,0.28875054373789266,0.09679892458176577,0.17547942843684783
1715269838982529300,4.486529296875,-0.2897411584854126,0.17253175377845764,-0.10192536562681198,0.08161092549562454,-0.5721420049667358,-0.816084086894989,0.059548139572143555,-0.02035689353942871,-0.03502058982849121,0.9366455469019803,0.2872037610831114,0.0973240169495052,0.17532028675200112
1715269838992519200,4.496519287109375,-0.1883414089679718,0.35613271594047546,-0.04520376771688461,0.0839947760105133,-0.5700688362121582,-0.8172921538352966,0.04401121288537979,0.0008549094200134277,-0.047881126403808594,0.9369648777924673,0.2858137063755364,0.09830797040839193,0.17533703632941194
1715269839002509000,4.506509033203125,-0.00038215843960642815,0.3375513255596161,-0.09697801619768143,0.08712685108184814,-0.5691934823989868,-0.8175743222236633,-0.016860119998455048,0.02836078405380249,-0.046393513679504395,0.9369844010041524,0.2850077936103691,0.09991697285944862,0.17563456739450767
1715269839012499200,4.516499267578125,0.15562181174755096,0.18160034716129303,-0.2055983692407608,0.0901501327753067,-0.569793701171875,-0.8168280720710754,-0.1023724377155304,0.09913629293441772,-0.02791363000869751,0.9368622311574881,0.2851242535923215,0.1014402369585711,0.17522346095214164
1715269839022489000,4.526489013671875,0.029997052624821663,0.09363587200641632,-0.14931166172027588,0.09224174171686172,-0.5705066323280334,-0.8160966038703918,-0.016298741102218628,0.0661272406578064,-0.012302994728088379,0.936805130353943,0.28542466849644677,0.10239357710107108,0.174483723721299
1715269839032479000,4.53647900390625,-0.10897873342037201,0.132084459066391,-0.07962379604578018,0.09373513609170914,-0.5700142979621887,-0.8162704706192017,0.09991415590047836,-0.0004355907440185547,0.0058915019035339355,0.9369126029244809,0.28505064405429015,0.1030092538592882,0.17415537160887373
1715269839042468000,4.546468017578125,-0.17671489715576172,0.17931535840034485,-0.10252697765827179,0.09549978375434875,-0.5687525272369385,-0.8169457912445068,0.04491158574819565,-0.0242193341255188,0.01935368776321411,0.937114370593751,0.2841941981773278,0.10373415561388646,0.17403901137224703
1715269839052458000,4.5564580078125,-0.19477997720241547,0.17548519372940063,-0.09722062945365906,0.0975557416677475,-0.5671114921569824,-0.8178431987762451,-0.0457521453499794,-0.03146040439605713,0.011217892169952393,0.9373786837094138,0.28310069962343565,0.10455810891700172,0.17390516254077926
1715269839062448400,4.566448486328125,-0.11310188472270966,0.14284150302410126,-0.031473308801651,0.09921564161777496,-0.5657444000244141,-0.818589985370636,-0.04458917677402496,0.00019252300262451172,0.012452960014343262,0.9375773325785188,0.2821827566629893,0.1052515828707608,0.17390743387084695
1715269839072438300,4.576438232421875,0.017323601990938187,0.11779420077800751,0.008420178666710854,0.10031149536371231,-0.5653620958328247,-0.8187205195426941,0.005019918084144592,0.020333290100097656,0.006815731525421143,0.9375811119972526,0.2818526115763197,0.10582453596826509,0.17407445569503827
1715269839082428200,4.58642822265625,0.08605526387691498,0.09313839673995972,0.018469616770744324,0.1010747179389,-0.5658811926841736,-0.8182679414749146,0.00813242793083191,0.026025116443634033,-0.00025922060012817383,0.9374246490661033,0.2820578995648392,0.10634549578571642,0.1742675123049678
1715269839092418300,4.596418212890625,0.055844735354185104,0.062251582741737366,0.08631636947393417,0.10115516185760498,-0.5663577914237976,-0.8179281949996948,-0.014103762805461884,0.030163824558258057,0.0085105299949646,0.9372705197065492,0.2822817242379902,0.1065501711461741,0.17460838084121777
1715269839102408200,4.606408203125,0.03747770935297012,0.0628473311662674,0.15300512313842773,0.10087993741035461,-0.5667224526405334,-0.8177095651626587,-0.010181687772274017,0.019969403743743896,0.025137603282928467,0.9370921650604299,0.2824387558826868,0.10664686859040579,0.17525206635417834
1715269839112398000,4.616398193359375,0.002888682298362255,0.0704013854265213,0.1601269543170929,0.10090313106775284,-0.567046046257019,-0.8174823522567749,-0.0004697665572166443,-0.004639863967895508,0.024986684322357178,0.9368903256210123,0.28253387100220756,0.10692720769649197,0.17600545310555737
1715269839122388200,4.62638818359375,0.02900337241590023,0.018003160133957863,0.1632401943206787,0.10048532485961914,-0.5674339532852173,-0.8172646164894104,-0.009924419224262238,-0.007471561431884766,0.02145785093307495,0.9366793285429663,0.28269752074363597,0.10700382218778945,0.17681657100166875
1715269839132377000,4.636377197265625,0.06979389488697052,0.024712195619940758,0.16264143586158752,0.09951344132423401,-0.5680888891220093,-0.8169284462928772,0.003269761800765991,0.0076029300689697266,0.023242652416229248,0.9364423006236083,0.2830652643707747,0.10681677257718547,0.17759517230767646
1715269839142367200,4.6463671875,0.13122263550758362,0.011692001484334469,0.16084620356559753,0.09856510162353516,-0.5691304206848145,-0.8163183331489563,-0.000008575618267059326,0.0027393102645874023,0.027271151542663574,0.9361296929062304,0.2836492508777333,0.10669554572602502,0.1783834029254168
1715269839152357000,4.656357177734375,0.06320799887180328,-0.03184429183602333,0.07812429219484329,0.09779145568609238,-0.5699999928474426,-0.8158044815063477,-0.01017548143863678,-0.0020979642868041992,0.02309519052505493,0.9359047758609307,0.28415852421605897,0.10654436983512787,0.17884263246589302
1715269839162347000,4.666346923828125,-0.026985805481672287,-0.020244093611836433,0.08666398376226425,0.09724318981170654,-0.5701156854629517,-0.8157891035079956,0.008256077766418457,0.0013899803161621094,0.02880185842514038,0.9358401699637784,0.2842373987960132,0.10636984298280833,0.1791586093951767
1715269839172337000,4.6763369140625,-0.08738981932401657,-0.023993557319045067,0.10911209881305695,0.096426822245121,-0.5695329904556274,-0.8162928819656372,0.008111141622066498,-0.025910913944244385,0.030205965042114258,0.9358840103967547,0.2839274265698081,0.10601303450460045,0.1796321503387782
1715269839182326800,4.686326904296875,-0.06168365105986595,-0.030137203633785248,0.10809823870658875,0.09552691876888275,-0.5689370632171631,-0.816814124584198,0.01871563494205475,-0.031801581382751465,0.015147924423217773,0.9359240502841584,0.28361337382832075,0.10562383827468372,0.18014817632500577
1715269839192317000,4.69631689453125,0.025888007134199142,-0.020078444853425026,0.09561394155025482,0.09483744949102402,-0.5690821409225464,-0.8167933821678162,-0.0034983381628990173,-0.011301279067993164,0.005956709384918213,0.9358348362009457,0.283709134358761,0.10541554027603223,0.18058217136831894
1715269839202307000,4.70630712890625,0.09840535372495651,-0.013582196086645126,0.09944569319486618,0.09410533308982849,-0.5699062943458557,-0.8163033127784729,-0.024601541459560394,0.006124436855316162,0.0010567903518676758,0.9356289678502896,0.2841983548606752,0.10525985194947926,0.18097043504602459
1715269839212297000,4.716296875,0.12526492774486542,-0.02052026428282261,0.10487041622400284,0.09352868795394897,-0.5709896087646484,-0.815612256526947,-0.023002557456493378,0.016942858695983887,0.004561901092529297,0.9353709921129063,0.28482162808178346,0.10521653783031437,0.1813491277055774
1715269839222286000,4.7262861328125,0.09737657010555267,-0.018381744623184204,0.08245165646076202,0.09290977567434311,-0.5721208453178406,-0.8148899078369141,-0.007201157510280609,0.010627806186676025,0.010583937168121338,0.9351103369892626,0.2854798883795219,0.1051488305074722,0.1816971123687485
1715269839232276000,4.73627587890625,0.035393573343753815,-0.012765671126544476,0.0590345524251461,0.09232448786497116,-0.5728905200958252,-0.8144155740737915,0.002707257866859436,-0.0063332319259643555,0.016609907150268555,0.9349294749609313,0.2859385234785361,0.10503031269083188,0.18197510117825114
1715269839242265900,4.746265869140625,-0.018439562991261482,-0.004221984185278416,0.05042402073740959,0.09217309206724167,-0.5731334090232849,-0.814261794090271,0.006108760833740234,-0.01989954710006714,0.015754222869873047,0.9348473783516901,0.28606654110724844,0.10504775528697816,0.18218513522934812
1715269839252256000,4.756256103515625,-0.08988360315561295,-0.008786375634372234,-0.010390127077698708,0.09223334491252899,-0.5731798410415649,-0.8142222762107849,0.011297538876533508,-0.01930379867553711,0.009931623935699463,0.9348225870503757,0.28607912915745687,0.1051075198171703,0.18225800462249248
1715269839262246000,4.766245849609375,0.18413756787776947,0.05398193374276161,0.0017179340356960893,0.09159168601036072,-0.5742332339286804,-0.8135521411895752,0.010718487203121185,-0.01863187551498413,0.001845717430114746,0.9346902499030215,0.2867626271606528,0.1048384991526334,0.1820170228563443
1715269839272235800,4.77623583984375,0.06084790825843811,0.03304522484540939,-0.08718258142471313,0.09274212270975113,-0.5752929449081421,-0.8126727342605591,-0.012023121118545532,0.004034280776977539,0.03694647550582886,0.9344779961596742,0.2872713411991479,0.10554062403861306,0.18189885724689003
1715269839282226000,4.786225830078125,0.1515469253063202,-0.1252533346414566,0.015042060986161232,0.09217868000268936,-0.5758983492851257,-0.8123079538345337,-0.08166536688804626,0.04271036386489868,-0.015862762928009033,0.9344258712369278,0.2876931759525235,0.10525526034906542,0.18166540589042807
1715269839292215800,4.7962158203125,0.1164623275399208,-0.10788393020629883,0.019996805116534233,0.0908094123005867,-0.5769931077957153,-0.8116850256919861,0.0519975870847702,0.06838709115982056,0.028970301151275635,0.9342795891310096,0.28845272869407285,0.10465423214122496,0.18156045243229726
1715269839302205700,4.806205810546875,0.053454600274562836,-0.05301722139120102,0.012643817812204361,0.09005065262317657,-0.5775365829467773,-0.8113830089569092,0.04904845356941223,-0.05736649036407471,0.01449286937713623,0.9342158112177898,0.28884119305250455,0.10430367918167249,0.18147279521647777
1715269839312194800,4.81619482421875,0.10024197399616241,-0.04518859088420868,0.01323690451681614,0.0896277204155922,-0.5782468914985657,-0.8109238743782043,-0.016934841871261597,-0.03469878435134888,0.02042710781097412,0.9341001654418495,0.28928809340810296,0.10416561333334826,0.1814359429314058
1715269839322184700,4.826184814453125,0.06196409463882446,-0.08449551463127136,-0.0068166982382535934,0.08914363384246826,-0.5790614485740662,-0.8103957772254944,-0.009050250053405762,0.010091543197631836,0.02632296085357666,0.9339842365273029,0.2898107078439361,0.10398015728193447,0.18130458228214671
1715269839332175000,4.836175048828125,0.028320912271738052,-0.06945665180683136,-0.0034846176858991385,0.08864637464284897,-0.5795067548751831,-0.8101319670677185,0.009391337633132935,-0.005942583084106445,0.02283954620361328,0.9339494828994512,0.29013038018603055,0.10372261555574475,0.18112027411540374
1715269839342165000,4.8461650390625,-0.06677684187889099,-0.03664889931678772,-0.033654239028692245,0.0884452536702156,-0.5794187188148499,-0.8102169036865234,0.026865415275096893,-0.0029025673866271973,0.03320890665054321,0.9340054402798477,0.29011775761077124,0.10355305006739154,0.18094888970562079
1715269839352155000,4.85615478515625,-0.13983842730522156,0.009458407759666443,-0.03257625550031662,0.08848609030246735,-0.5786131620407104,-0.8107879161834717,0.015761949121952057,-0.009521782398223877,0.02679145336151123,0.9341791922130184,0.2896675340556273,0.10343478804890356,0.18084035869193105
1715269839362145000,4.86614501953125,-0.1444142758846283,0.03273630142211914,-0.016133368015289307,0.08810197561979294,-0.5771030783653259,-0.8119052648544312,0.0004905536770820618,-0.012649238109588623,0.024353504180908203,0.9344594110874639,0.28883314330525867,0.10306685710485078,0.18093771052110458
1715269839372135000,4.876135009765625,-0.0741335079073906,0.289959579706192,0.07529275119304657,0.0895976573228836,-0.5758610367774963,-0.812623143196106,-0.015439949929714203,-0.0052547454833984375,0.020341098308563232,0.9346096443519604,0.28796623489097073,0.10374910535772815,0.1811534803099771
1715269839382124800,4.886124755859375,0.11485612392425537,0.12742365896701813,0.019965048879384995,0.09136183559894562,-0.5763267278671265,-0.8120964169502258,-0.05362685024738312,0.030336618423461914,0.021553874015808105,0.934376057600977,0.288015424556364,0.1048757331102444,0.1816307494873906
